category_level3_id,category_level3_name,category_level1_name,category_level1_order,category_level3_order
"""737,794,870""",空调,家用电器,A01,100
"""737,794,798""",平板电视,家用电器,A01,101
"""737,794,880""",洗衣机,家用电器,A01,102
"""737,738,898""",净水设备,家用电器,A01,103
"""737,738,750""",饮水机,家用电器,A01,104
"""737,738,751""",电风扇,家用电器,A01,105
"""737,738,12394""",扫地机器人,家用电器,A01,106
"""737,738,749""",净化器,家用电器,A01,107
"""6728,6740,6807""",净化器,汽车用品,A01,107
"""737,738,745""",吸尘器,家用电器,A01,108
"""6728,6740,6752""",吸尘器,汽车用品,A01,108
"""737,738,747""",取暖电器,家用电器,A01,109
"""737,752,755""",料理/榨汁机,家用电器,A01,110
"""737,752,13116""",榨汁机,家用电器,A01,111
"""737,752,881""",电压力锅,家用电器,A01,112
"""737,752,757""",电磁炉,家用电器,A01,113
"""737,752,758""",微波炉,家用电器,A01,114
"""737,752,753""",电饭煲,家用电器,A01,115
"""737,13297,1706""",热水器,家用电器,A01,116
"""737,13297,1300""",油烟机,家用电器,A01,117
"""737,794,878""",冰箱,家用电器,A01,118
"""6728,6740,6753""",冰箱,汽车用品,A01,118
"""737,1276,739""",剃须刀,家用电器,A01,119
"""737,1276,963""",足浴盆,家用电器,A01,120
"""737,1276,740""",电吹风,家用电器,A01,121
"""9987,653,655""",手机,手机,A02,100
"""9987,830,13658""",移动电源,手机,A02,123
"""9987,830,862""",手机耳机,手机,A02,124
"""9987,830,13660""",充电器,手机,A02,125
"""9987,830,13661""",数据线,手机,A02,126
"""9987,830,863""",蓝牙耳机,手机,A02,127
"""670,716,717""",打印机,电脑、办公,A03,128
"""670,716,722""",投影机,电脑、办公,A03,129
"""670,699,702""",交换机,电脑、办公,A03,130
"""670,699,700""",路由器,电脑、办公,A03,131
"""670,12800,12801""",游戏机,电脑、办公,A03,132
"""670,686,692""",摄像头,电脑、办公,A03,133
"""670,686,693""",移动硬盘,电脑、办公,A03,134
"""670,686,694""",U盘,电脑、办公,A03,135
"""670,671,673""",台式机,电脑、办公,A03,136
"""670,671,2694""",平板电脑,电脑、办公,A03,137
"""670,671,1105""",游戏本,电脑、办公,A03,138
"""670,671,672""",笔记本,电脑、办公,A03,101
"""1319,1523,7052""",婴幼奶粉,母婴,A04,140
"""1319,1524,1533""",米粉/菜粉,母婴,A04,141
"""1319,1524,12191""",宝宝零食,母婴,A04,142
"""1319,1525,7057""",婴儿尿裤,母婴,A04,143
"""1319,1525,1546""",拉拉裤,母婴,A04,144
"""1319,1525,1548""",湿巾,母婴,A04,145
"""1319,1526,7060""",奶瓶奶嘴,母婴,A04,146
"""1319,1526,1550""",吸奶器,母婴,A04,147
"""1319,1527,1556""",宝宝护肤,母婴,A04,148
"""1319,1527,1555""",宝宝洗浴,母婴,A04,149
"""1319,4997,4999""",防辐射服,母婴,A04,150
"""1319,1528,1563""",婴儿推车,母婴,A04,151
"""1319,1528,1564""",婴儿床,母婴,A04,152
"""1319,1528,1568""",学步车,母婴,A04,153
"""652,12346,12356""",复读机,数码,A05,154
"""652,12346,838""",电子词典,数码,A05,155
"""652,12346,840""",录音笔,数码,A05,156
"""652,12345,12807""",无人机,数码,A05,157
"""652,12345,12354""",体感车,数码,A05,158
"""9855,9859,9927""",智能家居,家装建材,A05,159
"""652,12345,12353""",智能家居,数码,A05,159
"""652,12345,12351""",健康监测,数码,A05,160
"""652,12345,12350""",运动跟踪器,数码,A05,161
"""652,12345,12806""",智能机器人,数码,A05,162
"""652,12345,12349""",智能眼镜,数码,A05,163
"""652,12345,12348""",智能手表,数码,A05,164
"""652,12345,12347""",智能手环,数码,A05,165
"""652,828,13662""",便携/无线音箱,数码,A05,166
"""652,828,841""",音箱/音响,数码,A05,167
"""652,828,842""",耳机/耳麦,数码,A05,168
"""1320,5019,12215""",牛奶,食品饮料,A07,169
"""1320,1585,9434""",牛奶乳品,食品饮料,A07,170
"""1320,5019,5020""",饼干蛋糕,食品饮料,A07,171
"""1320,1583,1595""",饼干蛋糕,食品饮料,A07,171
"""1320,5019,5021""",糖果/巧克力,食品饮料,A07,172
"""1320,1583,1594""",糖果/巧克力,食品饮料,A07,172
"""1320,5019,5022""",休闲零食,食品饮料,A07,174
"""1320,1583,1590""",休闲零食,食品饮料,A07,174
"""1320,5019,5023""",冲调饮品,食品饮料,A07,176
"""1320,5019,5024""",粮油调味,食品饮料,A07,177
"""1320,1583,1591""",坚果炒货,食品饮料,A07,178
"""1320,12202,12203""",铁观音,食品饮料,A07,179
"""1320,12202,12204""",普洱,食品饮料,A07,180
"""1320,12202,12205""",龙井,食品饮料,A07,181
"""1320,12202,12206""",绿茶,食品饮料,A07,182
"""1320,12202,12207""",红茶,食品饮料,A07,183
"""1320,12202,12208""",乌龙茶,食品饮料,A07,184
"""1320,12202,12209""",花草茶,食品饮料,A07,185
"""1320,12202,12210""",花果茶,食品饮料,A07,186
"""1320,12202,12212""",黑茶,食品饮料,A07,187
"""1320,12202,12213""",白茶,食品饮料,A07,188
"""1320,1585,1602""",饮料,食品饮料,A07,189
"""1320,1585,10975""",饮用水,食品饮料,A07,190
"""1320,1585,3986""",咖啡/奶茶,食品饮料,A07,191
"""1320,1584,2675""",米面杂粮,食品饮料,A07,192
"""1320,1584,2676""",食用油,食品饮料,A07,193
"""1320,1584,2679""",方便食品,食品饮料,A07,194
"""1316,1381,1390""",爽肤水,个护化妆,A08,195
"""1316,1381,1391""",护肤,个护化妆,A08,196
"""1316,1381,13547""",眼霜,个护化妆,A08,197
"""1316,1381,13548""",防晒,个护化妆,A08,198
"""1316,1381,1392""",面膜,个护化妆,A08,199
"""1316,1386,11922""",洗发,个护化妆,A08,200
"""1316,1386,11923""",护发,个护化妆,A08,201
"""1316,1386,11924""",染发,个护化妆,A08,202
"""1316,1386,11925""",造型,个护化妆,A08,203
"""1316,1383,1401""",沐浴,个护化妆,A08,204
"""1316,1383,1404""",润肤,个护化妆,A08,205
"""1316,1384,1405""",牙膏/牙粉,个护化妆,A08,206
"""1316,1384,1406""",牙刷/牙线,个护化妆,A08,207
"""1316,1384,1407""",漱口水,个护化妆,A08,208
"""1316,1385,1408""",卫生巾,个护化妆,A08,209
"""1316,1387,11932""",香水,个护化妆,A08,210
"""6728,6745,6785""",香水,汽车用品,A08,210
"""1316,1625,1671""",纸品湿巾,个护化妆,A08,211
"""6728,6742,11849""",润滑油,汽车用品,A09,212
"""6728,6742,11852""",滤清器,汽车用品,A09,213
"""6728,6742,9248""",轮胎,汽车用品,A09,214
"""6728,6740,6964""",行车记录仪,汽车用品,A09,215
"""6728,6740,11867""",导航仪,汽车用品,A09,216
"""6728,6740,9961""",倒车雷达,汽车用品,A09,217
"""6728,6743,9974""",补漆笔,汽车用品,A09,218
"""6728,6743,6757""",玻璃水,汽车用品,A09,219
"""12259,12260,9435""",白酒,酒类,A10,220
"""12259,12260,9438""",葡萄酒,酒类,A10,221
"""12259,12260,9439""",啤酒,酒类,A10,222
"""12259,12260,9437""",洋酒,酒类,A10,223
"""9192,12632,12633""",感冒咳嗽,营养保健,B01,224
"""9192,12632,12636""",止痛镇痛,营养保健,B01,225
"""9192,9194,12171""",叶酸,营养保健,B01,226
"""9192,9196,1502""",安全避孕,营养保健,B01,227
"""9192,9197,12189""",血压仪器,营养保健,B01,228
"""9192,9197,12588""",体温计,营养保健,B01,229
"""1315,1346,12035""",口罩,服饰内衣,B01,230
"""9192,12190,1517""",口罩,营养保健,B01,230
"""1318,12099,9756""",跑步鞋,运动户外,B02,231
"""6196,6219,6224""",保温壶,厨具,B03,232
"""6196,6219,6223""",保温杯,厨具,B03,233
"""6196,6197,6201""",压力锅,厨具,B03,234
"""6196,6197,6199""",炒锅,厨具,B03,235
"""6144,13062,13063""",黄金吊坠,珠宝首饰,B04,236
"""6144,13062,13064""",黄金项链,珠宝首饰,B04,237
"""6144,13062,13066""",黄金手镯/手链/脚链,珠宝首饰,B04,238
"""6144,13062,13067""",黄金戒指,珠宝首饰,B04,239
"""12218,12221,13554""",苹果,生鲜,B06,240
"""12218,12221,13555""",橙子,生鲜,B06,241
"""12218,12221,13560""",火龙果,生鲜,B06,242
"""12218,12221,13558""",芒果,生鲜,B06,243
"""12218,12222,12241""",鱼,生鲜,B06,244
"""12218,12222,12243""",蟹,生鲜,B06,245
"""12218,13581,13582""",牛肉,生鲜,B06,246
"""12218,13581,12247""",猪肉,生鲜,B06,247
"""12218,13581,13583""",羊肉,生鲜,B06,248
"""12218,13586,13587""",鸡肉,生鲜,B06,249
"""12218,13586,12250""",蛋类,生鲜,B06,250
"""12218,13591,13592""",水饺/馄饨,生鲜,B06,251
"""12218,13591,13593""",汤圆/元宵,生鲜,B06,252
"""12218,13598,13603""",冰激凌,生鲜,B06,253
"""1672,2615,9190""",太阳镜/眼镜框,礼品箱包,B07,254
"""9855,9856,9906""",吊灯,家装建材,C01,255
"""1620,1623,1651""",吊灯,家居家装,C01,255
"""9855,9856,9904""",吸顶灯,家装建材,C01,256
"""1620,1623,4954""",吸顶灯,家居家装,C01,256
"""1620,1621,1631""",床垫/床褥,家居家装,C01,257
"""1620,1621,1627""",被子,家居家装,C01,258
"""9855,9857,9910""",马桶/智能马桶盖,家装建材,C02,259
"""670,686,1047""",插座,电脑、办公,A01,A01
"""737,794,877""",家电配件,家用电器,A01,A01
"""737,794,965""",DVD播放机,家用电器,A01,A01
"""737,794,1199""",迷你音响,家用电器,A01,A01
"""737,794,823""",家庭影院,家用电器,A01,A01
"""737,1276,1290""",其它健康电器,家用电器,A01,A01
"""737,1276,968""",计步器/脂肪检测仪,家用电器,A01,A01
"""737,1276,1291""",按摩椅,家用电器,A01,A01
"""737,1276,967""",按摩器,家用电器,A01,A01
"""737,1276,1289""",电子秤/厨房秤,家用电器,A01,A01
"""737,1276,742""",剃/脱毛器,家用电器,A01,A01
"""737,1276,1287""",理发器,家用电器,A01,A01
"""737,1276,12400""",卷/直发器,家用电器,A01,A01
"""737,1276,795""",美容器,家用电器,A01,A01
"""737,1276,741""",口腔护理,家用电器,A01,A01
"""737,738,12396""",生活电器配件,家用电器,A01,A01
"""737,738,825""",其它生活电器,家用电器,A01,A01
"""737,738,801""",收录/音机,家用电器,A01,A01
"""737,738,897""",清洁机,家用电器,A01,A01
"""737,738,12395""",干衣机,家用电器,A01,A01
"""737,738,1283""",除湿机,家用电器,A01,A01
"""737,738,806""",电话机,家用电器,A01,A01
"""737,738,1052""",插座,家用电器,A01,A01
"""737,738,1278""",冷风扇,家用电器,A01,A01
"""737,738,1279""",挂烫机/熨斗,家用电器,A01,A01
"""737,738,748""",加湿器,家用电器,A01,A01
"""737,752,803""",其它厨房电器,家用电器,A01,A01
"""737,752,12398""",电热饭盒,家用电器,A01,A01
"""737,752,13118""",电烧烤炉,家用电器,A01,A01
"""737,752,754""",多用途锅,家用电器,A01,A01
"""737,752,9249""",电炖锅,家用电器,A01,A01
"""737,752,760""",电水壶/热水瓶,家用电器,A01,A01
"""737,752,902""",煮蛋器,家用电器,A01,A01
"""737,752,762""",酸奶机,家用电器,A01,A01
"""737,752,12397""",养生壶/煎药壶,家用电器,A01,A01
"""737,752,882""",电饼铛/烧烤盘,家用电器,A01,A01
"""737,752,899""",面包机,家用电器,A01,A01
"""737,752,761""",咖啡机,家用电器,A01,A01
"""737,752,756""",豆浆机,家用电器,A01,A01
"""737,752,759""",电烤箱,家用电器,A01,A01
"""737,13297,13117""",洗碗机,家用电器,A01,A01
"""737,13297,1301""",消毒柜/洗碗机,家用电器,A01,A01
"""737,13297,13298""",燃气灶,家用电器,A01,A01
"""1319,1527,12341""",理发器,母婴,A01,A01
"""9987,830,12809""",拍照配件,手机,A02,A02
"""9987,830,864""",车载配件,手机,A02,A02
"""9987,830,12811""",手机支架,手机,A02,A02
"""9987,830,13659""",苹果周边,手机,A02,A02
"""9987,830,13657""",手机电池,手机,A02,A02
"""9987,830,11302""",手机饰品,手机,A02,A02
"""9987,830,868""",创意配件,手机,A02,A02
"""9987,830,1099""",手机存储卡,手机,A02,A02
"""9987,830,867""",手机贴膜,手机,A02,A02
"""9987,830,866""",手机保护套,手机,A02,A02
"""9987,6880,12428""",装宽带,手机,A02,A02
"""9987,6880,6881""",合约机,手机,A02,A02
"""9987,653,659""",对讲机,手机,A02,A02
"""9855,9861,9938""",散热器,家装建材,A03,A03
"""9847,9854,9896""",办公家具,家具,A03,A03
"""670,703,5011""",电脑软件,电脑、办公,A03,A03
"""670,703,10011""",上门安装,电脑、办公,A03,A03
"""670,703,10969""",延保服务,电脑、办公,A03,A03
"""670,729,4838""",刻录碟片/附件,电脑、办公,A03,A03
"""670,729,7372""",财会用品,电脑、办公,A03,A03
"""670,729,12376""",画具画材,电脑、办公,A03,A03
"""670,729,2603""",笔类,电脑、办公,A03,A03
"""670,729,728""",计算器,电脑、办公,A03,A03
"""670,729,7371""",本册/便签,电脑、办公,A03,A03
"""670,729,4840""",文件管理,电脑、办公,A03,A03
"""670,729,1449""",学生文具,电脑、办公,A03,A03
"""670,729,4837""",办公文具,电脑、办公,A03,A03
"""670,729,736""",纸类,电脑、办公,A03,A03
"""670,729,733""",色带,电脑、办公,A03,A03
"""670,729,731""",墨盒,电脑、办公,A03,A03
"""670,729,730""",硒鼓/墨粉,电脑、办公,A03,A03
"""670,716,727""",白板,电脑、办公,A03,A03
"""670,716,11221""",办公家具,电脑、办公,A03,A03
"""670,716,7374""",安防监控,电脑、办公,A03,A03
"""670,716,4839""",装订/封装机,电脑、办公,A03,A03
"""670,716,2601""",保险柜,电脑、办公,A03,A03
"""670,716,7375""",会议音频视频,电脑、办公,A03,A03
"""670,716,7373""",收款/POS机,电脑、办公,A03,A03
"""670,716,724""",考勤机,电脑、办公,A03,A03
"""670,716,723""",碎纸机,电脑、办公,A03,A03
"""670,716,719""",复合机,电脑、办公,A03,A03
"""670,716,721""",扫描设备,电脑、办公,A03,A03
"""670,716,725""",验钞/点钞机,电脑、办公,A03,A03
"""670,716,718""",传真设备,电脑、办公,A03,A03
"""670,716,720""",多功能一体机,电脑、办公,A03,A03
"""670,716,5010""",投影配件,电脑、办公,A03,A03
"""670,699,12370""",网络配件,电脑、办公,A03,A03
"""670,699,1098""",4G/3G上网,电脑、办公,A03,A03
"""670,699,701""",网卡,电脑、办公,A03,A03
"""670,699,983""",网络存储,电脑、办公,A03,A03
"""670,699,11304""",网络盒子,电脑、办公,A03,A03
"""670,12800,12805""",游戏周边,电脑、办公,A03,A03
"""670,12800,12804""",游戏软件,电脑、办公,A03,A03
"""670,12800,12803""",手柄/方向盘,电脑、办公,A03,A03
"""670,12800,12802""",游戏耳机,电脑、办公,A03,A03
"""670,686,1048""",UPS电源,电脑、办公,A03,A03
"""670,686,1051""",电脑清洁,电脑、办公,A03,A03
"""670,686,1050""",电脑工具,电脑、办公,A03,A03
"""670,686,695""",外置盒,电脑、办公,A03,A03
"""670,686,698""",手写板,电脑、办公,A03,A03
"""670,686,1049""",线缆,电脑、办公,A03,A03
"""670,686,826""",鼠标垫,电脑、办公,A03,A03
"""670,686,12799""",网络仪表仪器,电脑、办公,A03,A03
"""670,686,689""",键盘,电脑、办公,A03,A03
"""670,686,690""",鼠标,电脑、办公,A03,A03
"""670,677,11762""",组装电脑,电脑、办公,A03,A03
"""670,677,11303""",SSD固态硬盘,电脑、办公,A03,A03
"""670,677,679""",显卡,电脑、办公,A03,A03
"""670,677,5009""",装机配件,电脑、办公,A03,A03
"""670,677,5008""",声卡/扩展卡,电脑、办公,A03,A03
"""670,677,684""",刻录机/光驱,电脑、办公,A03,A03
"""670,677,682""",散热器,电脑、办公,A03,A03
"""670,677,691""",电源,电脑、办公,A03,A03
"""670,677,687""",机箱,电脑、办公,A03,A03
"""670,677,680""",内存,电脑、办公,A03,A03
"""670,677,683""",硬盘,电脑、办公,A03,A03
"""670,677,681""",主板,电脑、办公,A03,A03
"""670,677,678""",CPU,电脑、办公,A03,A03
"""670,677,688""",显示器,电脑、办公,A03,A03
"""670,671,675""",笔记本配件,电脑、办公,A03,A03
"""670,671,674""",服务器/工作站,电脑、办公,A03,A03
"""670,671,12798""",一体机,电脑、办公,A03,A03
"""670,671,5146""",平板电脑配件,电脑、办公,A03,A03
"""6728,6740,6749""",电源,汽车用品,A03,A03
"""4938,9394,9392""",游戏周边,本地生活/旅游出行,A03,A03
"""1319,11842,11226""",羽绒服/棉服,母婴,A04,A04
"""1319,11842,11222""",套装,母婴,A04,A04
"""1319,11842,11223""",上衣,母婴,A04,A04
"""1319,11842,11224""",裤子,母婴,A04,A04
"""1319,11842,11227""",内衣/家居服,母婴,A04,A04
"""1319,11842,3977""",儿童配饰,母婴,A04,A04
"""1319,11842,11229""",运动鞋,母婴,A04,A04
"""1319,11842,11231""",靴子,母婴,A04,A04
"""1319,11842,11230""",皮鞋/帆布鞋,母婴,A04,A04
"""1319,11842,11233""",功能鞋,母婴,A04,A04
"""1319,11842,4937""",亲子装,母婴,A04,A04
"""1319,11842,11843""",户外/运动服,母婴,A04,A04
"""1319,11842,11228""",礼服/演出服,母婴,A04,A04
"""1319,11842,11225""",裙子,母婴,A04,A04
"""1319,11842,11232""",凉鞋,母婴,A04,A04
"""1316,1381,1396""",套装,个护化妆,A04,A04
"""1316,1386,6739""",套装,个护化妆,A04,A04
"""1316,1383,11929""",套装,个护化妆,A04,A04
"""1316,1384,11930""",套装,个护化妆,A04,A04
"""1316,1387,1426""",套装,个护化妆,A04,A04
"""11729,11731,6917""",凉鞋,鞋靴,A04,A04
"""11729,11730,9781""",功能鞋,鞋靴,A04,A04
"""1318,12102,9767""",套装,运动户外,A04,A04
"""1318,12115,12118""",电动车,运动户外,A04,A04
"""1318,2628,12126""",羽绒服/棉服,运动户外,A04,A04
"""6728,6747,6792""",安全座椅,汽车用品,A04,A04
"""1319,1523,7054""",成人奶粉,母婴,A04,A04
"""1319,1524,9399""",面条/粥,母婴,A04,A04
"""1319,1524,1534""",果泥/果汁,母婴,A04,A04
"""1319,1524,1537""",益生菌/初乳,母婴,A04,A04
"""1319,1524,7055""",DHA,母婴,A04,A04
"""1319,1524,1538""",钙铁锌/维生素,母婴,A04,A04
"""1319,1524,1539""",清火/开胃,母婴,A04,A04
"""1319,1525,7058""",成人尿裤,母婴,A04,A04
"""1319,1526,1551""",暖奶消毒,母婴,A04,A04
"""1319,1526,12197""",辅食料理机,母婴,A04,A04
"""1319,1526,1553""",牙胶安抚,母婴,A04,A04
"""1319,1526,13287""",食物存储,母婴,A04,A04
"""1319,1526,1552""",碗盘叉勺,母婴,A04,A04
"""1319,1526,7061""",水壶/水杯,母婴,A04,A04
"""1319,1526,13286""",围兜/防溅衣,母婴,A04,A04
"""1319,1527,1559""",日常护理,母婴,A04,A04
"""1319,1527,13288""",洗澡用具,母婴,A04,A04
"""1319,1527,1557""",洗衣液/皂,母婴,A04,A04
"""1319,1527,13289""",婴儿口腔清洁,母婴,A04,A04
"""1319,1527,1562""",座便器,母婴,A04,A04
"""1319,1527,1560""",驱蚊防蚊,母婴,A04,A04
"""1319,6313,13290""",睡袋/抱被,母婴,A04,A04
"""1319,6313,6316""",家居床品,母婴,A04,A04
"""1319,6313,6317""",安全防护,母婴,A04,A04
"""1319,6313,13291""",爬行垫,母婴,A04,A04
"""1319,6313,11234""",婴儿内衣,母婴,A04,A04
"""1319,6313,11235""",婴儿礼盒,母婴,A04,A04
"""1319,6313,6315""",婴儿鞋帽袜,母婴,A04,A04
"""1319,6313,6314""",婴儿外出服,母婴,A04,A04
"""1319,4997,4998""",孕妇装,母婴,A04,199
"""1319,4997,5000""",孕妈美容,母婴,A04,200
"""1319,4997,5002""",妈咪包/背婴带,母婴,A04,A04
"""1319,4997,12198""",待产/新生,母婴,A04,A04
"""1319,4997,5001""",产后塑身,母婴,A04,A04
"""1319,4997,7062""",文胸/内裤,母婴,A04,A04
"""1319,4997,13292""",防溢乳垫,母婴,A04,A04
"""1319,4997,6319""",孕期营养,母婴,A04,A04
"""1319,12193,12195""",安全座椅,母婴,A04,A04
"""1319,1528,13293""",婴儿床垫,母婴,A04,A04
"""1319,1528,1565""",餐椅摇椅,母婴,A04,A04
"""1319,1528,1569""",三轮车,母婴,A04,A04
"""1319,1528,1566""",自行车,母婴,A04,A04
"""1319,1528,4702""",扭扭车,母婴,A04,A04
"""1319,1528,12192""",滑板车,母婴,A04,A04
"""1319,1528,1567""",电动车,母婴,A04,A04
"""1320,1585,12201""",成人奶粉,食品饮料,A04,A04
"""9855,9857,9918""",其他配件,家装建材,A05,A05
"""652,12346,1203""",电纸书,数码,A05,A05
"""652,12346,12359""",早教益智,数码,A05,A05
"""652,12346,12357""",点读机/笔,数码,A05,A05
"""652,12346,12358""",学生平板,数码,A05,A05
"""652,12345,12355""",其他配件,数码,A05,A05
"""652,12345,12352""",智能配饰,数码,A05,A05
"""652,828,962""",专业音频,数码,A05,A05
"""652,828,837""",MP3/MP4,数码,A05,A05
"""652,828,869""",麦克风,数码,A05,A05
"""652,828,12808""",收音机,数码,A05,A05
"""652,829,854""",电池/充电器,数码,A05,A05
"""652,829,12810""",数码支架,数码,A05,A05
"""652,829,846""",读卡器,数码,A05,A05
"""652,829,10972""",镜头附件,数码,A05,A05
"""652,829,10971""",机身附件,数码,A05,A05
"""652,829,851""",相机清洁/贴膜,数码,A05,A05
"""652,829,836""",闪光灯/手柄,数码,A05,A05
"""652,829,835""",滤镜,数码,A05,A05
"""652,829,847""",相机包,数码,A05,A05
"""652,829,848""",三脚架/云台,数码,A05,A05
"""652,829,845""",存储卡,数码,A05,A05
"""652,654,844""",数码相框,数码,A05,A05
"""652,654,12415""",冲印服务,数码,A05,A05
"""652,654,12344""",影棚器材,数码,A05,A05
"""652,654,12343""",户外器材,数码,A05,A05
"""652,654,834""",镜头,数码,A05,A05
"""652,654,833""",摄像机,数码,A05,A05
"""652,654,12342""",运动相机,数码,A05,A05
"""652,654,7170""",拍立得,数码,A05,A05
"""652,654,832""",单反相机,数码,A05,A05
"""652,654,5012""",单电/微单相机,数码,A05,A05
"""652,654,831""",数码相机,数码,A05,A05
"""1672,2577,12074""",相机包,礼品箱包,A05,A05
"""6233,6234,6239""",0-6个月,玩具乐器,A06,A06
"""6233,6234,6240""",6-12个月,玩具乐器,A06,A06
"""6233,6234,6241""",1-3岁,玩具乐器,A06,A06
"""6233,6234,6242""",3-6岁,玩具乐器,A06,A06
"""6233,6234,6243""",6-14岁,玩具乐器,A06,A06
"""6233,6234,6244""",14岁以上,玩具乐器,A06,A06
"""6233,6235,6245""",遥控车,玩具乐器,A06,A06
"""6233,6235,6246""",遥控飞机,玩具乐器,A06,A06
"""6233,6235,6247""",遥控船,玩具乐器,A06,A06
"""6233,6235,6248""",机器人/电动,玩具乐器,A06,A06
"""6233,6235,6249""",轨道/助力,玩具乐器,A06,A06
"""6233,6271,6276""",摇铃/床铃,玩具乐器,A06,A06
"""6233,6271,7063""",健身架,玩具乐器,A06,A06
"""6233,6271,6277""",早教启智,玩具乐器,A06,A06
"""6233,6271,6278""",拖拉玩具,玩具乐器,A06,A06
"""6233,6275,6280""",积木,玩具乐器,A06,A06
"""6233,6275,6282""",拼图,玩具乐器,A06,A06
"""6233,6275,6284""",磁力棒,玩具乐器,A06,A06
"""6233,6275,6286""",立体拼插,玩具乐器,A06,A06
"""6233,6264,6272""",电影周边,玩具乐器,A06,A06
"""6233,6264,6273""",卡通周边,玩具乐器,A06,A06
"""6233,6264,6274""",网游周边,玩具乐器,A06,A06
"""6233,6236,6254""",毛绒/布艺,玩具乐器,A06,A06
"""6233,6236,6255""",靠垫/抱枕,玩具乐器,A06,A06
"""6233,6253,6261""",仿真模型,玩具乐器,A06,A06
"""6233,6253,6262""",拼插模型,玩具乐器,A06,A06
"""6233,6253,6263""",收藏爱好,玩具乐器,A06,A06
"""6233,6260,6265""",炫舞毯,玩具乐器,A06,A06
"""6233,6260,6266""",爬行垫/毯,玩具乐器,A06,A06
"""6233,6260,6268""",户外玩具,玩具乐器,A06,A06
"""6233,6260,6269""",戏水玩具,玩具乐器,A06,A06
"""6233,6237,6257""",芭比娃娃,玩具乐器,A06,A06
"""6233,6237,6258""",卡通娃娃,玩具乐器,A06,A06
"""6233,6237,6259""",智能娃娃,玩具乐器,A06,A06
"""6233,6279,6281""",手工彩泥,玩具乐器,A06,A06
"""6233,6279,6283""",绘画工具,玩具乐器,A06,A06
"""6233,6279,6287""",情景玩具,玩具乐器,A06,A06
"""6233,6289,6292""",减压玩具,玩具乐器,A06,A06
"""6233,6289,6293""",创意玩具,玩具乐器,A06,A06
"""6233,6291,6294""",钢琴,玩具乐器,A06,A06
"""6233,6291,6296""",电子琴,玩具乐器,A06,A06
"""6233,6291,6299""",吉他/贝斯,玩具乐器,A06,A06
"""6233,6291,6303""",西洋打击乐器,玩具乐器,A06,A06
"""6233,6291,6301""",西洋管弦乐,玩具乐器,A06,A06
"""6233,6291,6300""",民族管弦乐器,玩具乐器,A06,A06
"""6233,6291,6305""",各式乐器配件,玩具乐器,A06,A06
"""1320,1583,1592""",肉干肉脯,食品饮料,A07,A07
"""1320,1583,13757""",熟食腊味,食品饮料,A07,A07
"""1320,1583,1593""",蜜饯果干,食品饮料,A07,A07
"""1320,1583,7121""",无糖食品,食品饮料,A07,A07
"""1320,2641,2642""",月饼,食品饮料,A07,A07
"""1320,1581,1589""",新疆,食品饮料,A07,A07
"""1320,1581,2669""",四川,食品饮料,A07,A07
"""1320,1581,2670""",云南,食品饮料,A07,A07
"""1320,1581,2656""",湖南,食品饮料,A07,A07
"""1320,1581,2648""",内蒙古,食品饮料,A07,A07
"""1320,1581,2644""",北京,食品饮料,A07,A07
"""1320,1581,2647""",山西,食品饮料,A07,A07
"""1320,1581,2653""",福建,食品饮料,A07,A07
"""1320,1581,4693""",东北,食品饮料,A07,A07
"""1320,1581,12217""",其他特产,食品饮料,A07,A07
"""1320,12202,12211""",养生茶,食品饮料,A07,A07
"""1320,12202,12214""",其它茶,食品饮料,A07,A07
"""1320,1585,12200""",蜂蜜/柚子茶,食品饮料,A07,A07
"""1320,1585,1601""",冲饮谷物,食品饮料,A07,A07
"""1320,1584,2677""",调味品,食品饮料,A07,A07
"""1320,1584,2678""",南北干货,食品饮料,A07,A07
"""1320,1584,13760""",烘焙原料,食品饮料,A07,A07
"""1320,1584,2680""",有机食品,食品饮料,A07,A07
"""1620,1625,1667""",清洁工具,个护化妆,A08,A08
"""6196,6227,6232""",一次性用品,厨具,A08,A08
"""1316,1381,13544""",卸妆,个护化妆,A08,A08
"""1316,1381,1389""",清洁,个护化妆,A08,A08
"""1316,1381,13546""",精华,个护化妆,A08,A08
"""1316,1381,1416""",剃须,个护化妆,A08,A08
"""1316,1386,4699""",假发,个护化妆,A08,A08
"""1316,1386,13550""",美发工具,个护化妆,A08,A08
"""1316,1383,13551""",精油,个护化妆,A08,A08
"""1316,1383,1394""",颈部,个护化妆,A08,A08
"""1316,1383,2562""",手足,个护化妆,A08,A08
"""1316,1383,5164""",纤体塑形,个护化妆,A08,A08
"""1316,1383,11928""",美胸,个护化妆,A08,A08
"""1316,1385,1409""",卫生护垫,个护化妆,A08,A08
"""1316,1385,1410""",私密护理,个护化妆,A08,A08
"""1316,1385,5150""",脱毛膏,个护化妆,A08,A08
"""1316,1387,1420""",底妆,个护化妆,A08,A08
"""1316,1387,1423""",眉笔,个护化妆,A08,A08
"""1316,1387,1424""",睫毛膏,个护化妆,A08,A08
"""1316,1387,13549""",眼线,个护化妆,A08,A08
"""1316,1387,1422""",眼部,个护化妆,A08,A08
"""1316,1387,1425""",唇部,个护化妆,A08,A08
"""1316,1387,1421""",腮红,个护化妆,A08,A08
"""1316,1387,1428""",美甲,个护化妆,A08,A08
"""1316,1387,1429""",美容工具,个护化妆,A08,A08
"""1316,1625,1662""",衣物清洁,个护化妆,A08,A08
"""1316,1625,1667""",清洁工具,个护化妆,A08,A08
"""1316,1625,1663""",家庭清洁,个护化妆,A08,A08
"""1316,1625,11970""",一次性用品,个护化妆,A08,A08
"""1316,1625,1669""",驱虫用品,个护化妆,A08,A08
"""1316,1625,1670""",皮具护理,个护化妆,A08,A08
"""6728,6742,11850""",添加剂,汽车用品,A09,A09
"""6728,6742,6756""",防冻液,汽车用品,A09,A09
"""6728,6742,6767""",火花塞,汽车用品,A09,A09
"""6728,6742,6766""",雨刷,汽车用品,A09,A09
"""6728,6742,6768""",车灯,汽车用品,A09,A09
"""6728,6742,13243""",减震器,汽车用品,A09,A09
"""6728,6742,11951""",轮毂,汽车用品,A09,A09
"""6728,6742,11859""",刹车片/盘,汽车用品,A09,A09
"""6728,6742,6769""",维修配件,汽车用品,A09,A09
"""6728,6742,9971""",蓄电池,汽车用品,A09,A09
"""6728,6742,9964""",底盘装甲/护板,汽车用品,A09,A09
"""6728,6742,6770""",贴膜,汽车用品,A09,A09
"""6728,6742,6795""",汽修工具,汽车用品,A09,A09
"""6728,6742,12406""",改装配件,汽车用品,A09,A09
"""6728,6742,13244""",正时皮带,汽车用品,A09,A09
"""6728,6742,13245""",汽车喇叭,汽车用品,A09,A09
"""6728,13256,13246""",汽车玻璃,汽车用品,A09,A09
"""6728,6740,13247""",车载电器配件,汽车用品,A09,A09
"""6728,6740,6965""",时尚影音,汽车用品,A09,A09
"""6728,6740,9959""",安全预警仪,汽车用品,A09,A09
"""6728,6740,9962""",蓝牙设备,汽车用品,A09,A09
"""6728,6740,12408""",智能驾驶,汽车用品,A09,A09
"""6728,6740,12409""",车载电台,汽车用品,A09,A09
"""6728,6740,13248""",智能车机,汽车用品,A09,A09
"""6728,6740,13249""",汽车音响,汽车用品,A09,A09
"""6728,6740,13250""",车载生活电器,汽车用品,A09,A09
"""6728,6743,11875""",车蜡,汽车用品,A09,A09
"""6728,6743,13251""",镀晶镀膜,汽车用品,A09,A09
"""6728,6743,11878""",清洁剂,汽车用品,A09,A09
"""6728,6743,13252""",洗车机,汽车用品,A09,A09
"""6728,6743,13253""",洗车水枪,汽车用品,A09,A09
"""6728,6743,11880""",洗车配件,汽车用品,A09,A09
"""6728,6743,13254""",毛巾掸子,汽车用品,A09,A09
"""6728,6745,11883""",脚垫,汽车用品,A09,A09
"""6728,6745,11881""",座垫,汽车用品,A09,A09
"""6728,6745,11882""",座套,汽车用品,A09,A09
"""6728,6745,6972""",后备箱垫,汽车用品,A09,A09
"""6728,6745,13255""",方向盘套,汽车用品,A09,A09
"""6728,6745,11887""",头枕腰靠,汽车用品,A09,A09
"""6728,6745,11886""",空气净化,汽车用品,A09,A09
"""6728,6745,11889""",功能小件,汽车用品,A09,A09
"""6728,6745,6798""",车衣,汽车用品,A09,A09
"""6728,6745,11888""",车内饰品,汽车用品,A09,A09
"""6728,6745,11953""",车身装饰件,汽车用品,A09,A09
"""6728,6747,11954""",胎压监测,汽车用品,A09,A09
"""6728,6747,12407""",充气泵,汽车用品,A09,A09
"""6728,6747,11955""",防盗设备,汽车用品,A09,A09
"""6728,6747,6796""",应急救援,汽车用品,A09,A09
"""6728,6747,6804""",保温箱,汽车用品,A09,A09
"""6728,6747,6801""",储物箱,汽车用品,A09,A09
"""6728,6747,11898""",自驾野营,汽车用品,A09,A09
"""6728,6747,9985""",摩托车装备,汽车用品,A09,A09
"""6728,6747,13270""",摩托车,汽车用品,A09,A09
"""6728,13256,13257""",赛事服装,汽车用品,A09,A09
"""6728,13256,13258""",赛事用品,汽车用品,A09,A09
"""6728,13256,13259""",制动系统,汽车用品,A09,A09
"""6728,13256,13260""",悬挂系统,汽车用品,A09,A09
"""6728,13256,13261""",进气系统,汽车用品,A09,A09
"""6728,13256,13262""",排气系统,汽车用品,A09,A09
"""6728,13256,13263""",电子管理,汽车用品,A09,A09
"""6728,13256,13264""",车身强化,汽车用品,A09,A09
"""6728,12402,12403""",清洗美容服务,汽车用品,A09,A09
"""6728,12402,12404""",功能升级服务,汽车用品,A09,A09
"""6728,12402,12405""",保养维修服务,汽车用品,A09,A09
"""6728,12402,13267""",驾驶培训,汽车用品,A09,A09
"""6728,12402,13266""",ETC,汽车用品,A09,A09
"""6728,12402,13242""",加油卡,汽车用品,A09,A09
"""12259,12260,9436""",黄酒/养生酒,酒类,A10,A10
"""12259,12260,12261""",收藏酒/陈年老酒,酒类,A10,A10
"""1315,1345,1368""",情趣内衣,服饰内衣,B01,B01
"""12218,12222,12240""",海参,生鲜,B01,B01
"""9192,12632,12634""",补肾壮阳,营养保健,B01,B01
"""9192,12632,12635""",补气养血,营养保健,B01,B01
"""9192,12632,12637""",耳鼻喉用药,营养保健,B01,B01
"""9192,12632,12638""",眼科用药,营养保健,B01,B01
"""9192,12632,12639""",口腔用药,营养保健,B01,B01
"""9192,12632,12640""",皮肤用药,营养保健,B01,B01
"""9192,12632,12641""",肠胃消化,营养保健,B01,B01
"""9192,12632,12642""",风湿骨外伤,营养保健,B01,B01
"""9192,12632,12643""",男科/泌尿,营养保健,B01,B01
"""9192,12632,12644""",妇科用药,营养保健,B01,B01
"""9192,12632,12645""",儿科用药,营养保健,B01,B01
"""9192,12632,12646""",心脑血管,营养保健,B01,B01
"""9192,12632,12647""",肝胆用药,营养保健,B01,B01
"""9192,9193,9201""",调节免疫,营养保健,B01,B01
"""9192,9193,9203""",调节三高,营养保健,B01,B01
"""9192,9193,12162""",缓解疲劳,营养保健,B01,B01
"""9192,9193,12163""",美体塑身,营养保健,B01,B01
"""9192,9193,9200""",美容养颜,营养保健,B01,B01
"""9192,9193,9208""",肝肾养护,营养保健,B01,B01
"""9192,9193,9207""",肠胃养护,营养保健,B01,B01
"""9192,9193,9205""",明目益智,营养保健,B01,B01
"""9192,9193,9202""",骨骼健康,营养保健,B01,B01
"""9192,9193,9209""",改善睡眠,营养保健,B01,B01
"""9192,9193,12164""",抗氧化,营养保健,B01,B01
"""9192,9193,12165""",耐缺氧,营养保健,B01,B01
"""9192,9194,9216""",维生素/矿物质,营养保健,B01,B01
"""9192,9194,9215""",蛋白质,营养保健,B01,B01
"""9192,9194,9221""",鱼油/磷脂,营养保健,B01,B01
"""9192,9194,9222""",螺旋藻,营养保健,B01,B01
"""9192,9194,9224""",番茄红素,营养保健,B01,B01
"""9192,9194,9227""",葡萄籽,营养保健,B01,B01
"""9192,9194,9214""",左旋肉碱,营养保健,B01,B01
"""9192,9194,9226""",辅酶Q10,营养保健,B01,B01
"""9192,9194,12172""",益生菌,营养保健,B01,B01
"""9192,9194,12173""",玛咖,营养保健,B01,B01
"""9192,9194,12174""",膳食纤维,营养保健,B01,B01
"""9192,9194,12177""",牛初乳,营养保健,B01,B01
"""9192,9194,9225""",胶原蛋白,营养保健,B01,B01
"""9192,9194,12175""",大豆异黄酮,营养保健,B01,B01
"""9192,9194,12176""",芦荟提取,营养保健,B01,B01
"""9192,9194,12178""",酵素,营养保健,B01,B01
"""9192,9195,12180""",阿胶,营养保健,B01,B01
"""9192,9195,12186""",蜂产品,营养保健,B01,B01
"""9192,9195,12612""",枸杞,营养保健,B01,B01
"""9192,9195,12179""",燕窝,营养保健,B01,B01
"""9192,9195,12181""",海参,营养保健,B01,B01
"""9192,9195,9229""",冬虫夏草,营养保健,B01,B01
"""9192,9195,9230""",参类,营养保健,B01,B01
"""9192,9195,12613""",三七,营养保健,B01,B01
"""9192,9195,12183""",鹿茸,营养保健,B01,B01
"""9192,9195,12614""",雪蛤,营养保健,B01,B01
"""9192,9195,12615""",青钱柳,营养保健,B01,B01
"""9192,9195,12616""",石斛/枫斗,营养保健,B01,B01
"""9192,9195,12184""",灵芝,营养保健,B01,B01
"""9192,9195,12617""",当归,营养保健,B01,B01
"""9192,9195,12182""",养生茶饮,营养保健,B01,B01
"""9192,9195,12185""",药食同源,营养保健,B01,B01
"""9192,9196,1503""",验孕测孕,营养保健,B01,B01
"""9192,9196,1504""",人体润滑,营养保健,B01,B01
"""9192,9196,12609""",男用延时,营养保健,B01,B01
"""9192,9196,1505""",情爱玩具,营养保健,B01,B01
"""9192,9196,12610""",女用器具,营养保健,B01,B01
"""9192,9196,1506""",情趣内衣,营养保健,B01,B01
"""9192,9197,12187""",血糖用品,营养保健,B01,B01
"""9192,9197,12587""",血氧仪,营养保健,B01,B01
"""9192,9197,12589""",体重秤,营养保健,B01,B01
"""9192,9197,12590""",胎心仪,营养保健,B01,B01
"""9192,9197,12188""",呼吸制氧,营养保健,B01,B01
"""9192,9197,12593""",雾化器,营养保健,B01,B01
"""9192,9197,12594""",助听器,营养保健,B01,B01
"""9192,9197,12595""",轮椅,营养保健,B01,B01
"""9192,9197,12596""",拐杖,营养保健,B01,B01
"""9192,9197,1509""",中医保健,营养保健,B01,B01
"""9192,9197,1508""",养生器械,营养保健,B01,B01
"""9192,9197,2687""",家庭护理,营养保健,B01,B01
"""9192,9197,12597""",智能健康,营养保健,B01,B01
"""9192,12190,12599""",隐形眼镜,营养保健,B01,B01
"""9192,12190,12600""",护理液,营养保健,B01,B01
"""9192,12190,12602""",眼罩/耳塞,营养保健,B01,B01
"""9192,12190,1514""",跌打损伤,营养保健,B01,B01
"""9192,12190,12604""",暖贴,营养保健,B01,B01
"""9192,12190,12605""",鼻喉护理,营养保健,B01,B01
"""9192,12190,1518""",眼部保健,营养保健,B01,B01
"""9192,12190,12607""",美体护理,营养保健,B01,B01
"""1713,3269,3506""",中医保健,图书,B01,B01
"""1315,1342,1349""",T恤,服饰内衣,B02,B02
"""1315,1342,9724""",棉服,服饰内衣,B02,B02
"""1315,1342,3982""",羽绒服,服饰内衣,B02,B02
"""1315,1343,9705""",棉服,服饰内衣,B02,B02
"""1315,1343,1355""",T恤,服饰内衣,B02,B02
"""1315,1343,3983""",羽绒服,服饰内衣,B02,B02
"""6196,11143,11156""",其他,厨具,B02,B02
"""11729,11731,6916""",休闲鞋,鞋靴,B02,B02
"""11729,11731,9774""",帆布鞋,鞋靴,B02,B02
"""11729,11730,6908""",休闲鞋,鞋靴,B02,B02
"""11729,11730,12067""",工装鞋,鞋靴,B02,B02
"""11729,11730,9783""",帆布鞋,鞋靴,B02,B02
"""1318,12099,9754""",休闲鞋,运动户外,B02,B02
"""1318,12099,9757""",篮球鞋,运动户外,B02,B02
"""1318,12099,9755""",帆布鞋,运动户外,B02,B02
"""1318,12099,12100""",板鞋,运动户外,B02,B02
"""1318,12099,9761""",拖鞋,运动户外,B02,B02
"""1318,12099,9768""",运动包,运动户外,B02,B02
"""1318,12099,9758""",足球鞋,运动户外,B02,B02
"""1318,12099,9760""",乒羽网鞋,运动户外,B02,B02
"""1318,12099,9759""",训练鞋,运动户外,B02,B02
"""1318,12099,12101""",专项运动鞋,运动户外,B02,B02
"""1318,12102,9765""",T恤,运动户外,B02,B02
"""1318,12102,9766""",运动裤,运动户外,B02,B02
"""1318,12102,12107""",健身服,运动户外,B02,B02
"""1318,12102,12108""",运动背心,运动户外,B02,B02
"""1318,12102,12104""",羽绒服,运动户外,B02,B02
"""1318,12102,9764""",卫衣/套头衫,运动户外,B02,B02
"""1318,12102,9762""",棉服,运动户外,B02,B02
"""1318,12102,9763""",夹克/风衣,运动户外,B02,B02
"""1318,12102,12103""",运动配饰,运动户外,B02,B02
"""1318,12102,12106""",乒羽网服,运动户外,B02,B02
"""1318,12102,12105""",毛衫/线衫,运动户外,B02,B02
"""1318,1463,1484""",跑步机,运动户外,B02,B02
"""1318,1463,1483""",健身车/动感单车,运动户外,B02,B02
"""1318,1463,12111""",哑铃,运动户外,B02,B02
"""1318,1463,12112""",仰卧板/收腹机,运动户外,B02,B02
"""1318,1463,12858""",甩脂机,运动户外,B02,B02
"""1318,1463,12859""",踏步机,运动户外,B02,B02
"""1318,1463,1487""",运动护具,运动户外,B02,B02
"""1318,1463,12114""",瑜伽舞蹈,运动户外,B02,B02
"""1318,1463,5153""",武术搏击,运动户外,B02,B02
"""1318,1463,12109""",综合训练器,运动户外,B02,B02
"""1318,1463,12110""",其他大型器械,运动户外,B02,B02
"""1318,1463,12113""",其他中小型器材,运动户外,B02,B02
"""1318,12115,12117""",山地车/公路车,运动户外,B02,B02
"""1318,12115,12116""",折叠车,运动户外,B02,B02
"""1318,12115,12861""",平衡车,运动户外,B02,B02
"""1318,12115,12119""",其他整车,运动户外,B02,B02
"""1318,12115,12121""",骑行装备,运动户外,B02,B02
"""1318,12115,12120""",骑行服,运动户外,B02,B02
"""1318,1466,1694""",乒乓球,运动户外,B02,B02
"""1318,1466,1695""",羽毛球,运动户外,B02,B02
"""1318,1466,1698""",篮球,运动户外,B02,B02
"""1318,1466,1697""",足球,运动户外,B02,B02
"""1318,1466,12122""",轮滑滑板,运动户外,B02,B02
"""1318,1466,1696""",网球,运动户外,B02,B02
"""1318,1466,1700""",高尔夫,运动户外,B02,B02
"""1318,1466,1701""",台球,运动户外,B02,B02
"""1318,1466,1699""",排球,运动户外,B02,B02
"""1318,1466,5155""",棋牌麻将,运动户外,B02,B02
"""1318,1466,5156""",其他,运动户外,B02,B02
"""1318,2628,12131""",户外风衣,运动户外,B02,B02
"""1318,2628,12136""",徒步鞋,运动户外,B02,B02
"""1318,2628,12130""",T恤,运动户外,B02,B02
"""1318,2628,12123""",冲锋衣裤,运动户外,B02,B02
"""1318,2628,12124""",速干衣裤,运动户外,B02,B02
"""1318,2628,12137""",越野跑鞋,运动户外,B02,B02
"""1318,2628,12125""",滑雪服,运动户外,B02,B02
"""1318,2628,12127""",休闲衣裤,运动户外,B02,B02
"""1318,2628,12128""",抓绒衣裤,运动户外,B02,B02
"""1318,2628,12140""",溯溪鞋,运动户外,B02,B02
"""1318,2628,12141""",沙滩/凉拖,运动户外,B02,B02
"""1318,2628,12138""",休闲鞋,运动户外,B02,B02
"""1318,2628,12129""",软壳衣裤,运动户外,B02,B02
"""1318,2628,12132""",功能内衣,运动户外,B02,B02
"""1318,2628,12133""",军迷服饰,运动户外,B02,B02
"""1318,2628,12134""",登山鞋,运动户外,B02,B02
"""1318,2628,12139""",工装鞋,运动户外,B02,B02
"""1318,2628,12142""",户外袜,运动户外,B02,B02
"""1318,1462,1473""",帐篷/垫子,运动户外,B02,B02
"""1318,1462,1480""",望远镜,运动户外,B02,B02
"""1318,1462,1477""",野餐烧烤,运动户外,B02,B02
"""1318,1462,1478""",便携桌椅床,运动户外,B02,B02
"""1318,1462,1472""",背包,运动户外,B02,B02
"""1318,1462,2629""",户外配饰,运动户外,B02,B02
"""1318,1462,5152""",军迷用品,运动户外,B02,B02
"""1318,1462,1474""",睡袋/吊床,运动户外,B02,B02
"""1318,1462,12143""",救援装备,运动户外,B02,B02
"""1318,1462,1476""",户外照明,运动户外,B02,B02
"""1318,1462,2691""",旅游用品,运动户外,B02,B02
"""1318,1462,1479""",户外工具,运动户外,B02,B02
"""1318,1462,2631""",户外仪表,运动户外,B02,B02
"""1318,1462,1475""",登山攀岩,运动户外,B02,B02
"""1318,1462,12145""",极限户外,运动户外,B02,B02
"""1318,1462,12146""",冲浪潜水,运动户外,B02,B02
"""1318,1462,12144""",滑雪装备,运动户外,B02,B02
"""1318,12147,12148""",鱼竿鱼线,运动户外,B02,B02
"""1318,12147,12149""",浮漂鱼饵,运动户外,B02,B02
"""1318,12147,12150""",钓鱼桌椅,运动户外,B02,B02
"""1318,12147,12151""",钓鱼配件,运动户外,B02,B02
"""1318,12147,12152""",钓箱鱼包,运动户外,B02,B02
"""1318,12147,12153""",其它,运动户外,B02,B02
"""1318,12154,12155""",泳镜,运动户外,B02,B02
"""1318,12154,12159""",男士泳衣,运动户外,B02,B02
"""1318,12154,12158""",女士泳衣,运动户外,B02,B02
"""1318,12154,12160""",比基尼,运动户外,B02,B02
"""1318,12154,12156""",泳帽,运动户外,B02,B02
"""1318,12154,12157""",游泳包防水包,运动户外,B02,B02
"""1318,12154,12161""",其它,运动户外,B02,B02
"""6196,11143,11155""",咖啡具,厨具,B03,B03
"""6196,11143,11154""",茶宠摆件,厨具,B03,B03
"""6196,11143,11153""",茶具配件,厨具,B03,B03
"""6196,11143,11152""",茶叶罐,厨具,B03,B03
"""6196,11143,11151""",茶盘茶托,厨具,B03,B03
"""6196,11143,11150""",茶壶,厨具,B03,B03
"""6196,11143,11149""",茶杯,厨具,B03,B03
"""6196,11143,11148""",整套茶具,厨具,B03,B03
"""6196,6227,6228""",餐具套装,厨具,B03,B03
"""6196,6227,11975""",果盘/果篮,厨具,B03,B03
"""6196,6227,6231""",筷勺/刀叉,厨具,B03,B03
"""6196,6227,6230""",碗/碟/盘,厨具,B03,B03
"""6196,6219,11979""",杯具套装,厨具,B03,B03
"""6196,6219,6225""",酒杯/酒具,厨具,B03,B03
"""6196,6219,6222""",陶瓷/马克杯,厨具,B03,B03
"""6196,6219,6221""",玻璃杯,厨具,B03,B03
"""6196,6219,6850""",运动水壶,厨具,B03,B03
"""6196,6219,6220""",塑料杯,厨具,B03,B03
"""6196,6214,11978""",厨房DIY/小工具,厨具,B03,B03
"""6196,6214,11977""",储物/置物架,厨具,B03,B03
"""6196,6214,6218""",饭盒/提锅,厨具,B03,B03
"""6196,6214,6216""",烘焙/烧烤,厨具,B03,B03
"""6196,6214,6215""",保鲜盒,厨具,B03,B03
"""6196,6198,11981""",多功能刀,厨具,B03,B03
"""6196,6198,11980""",瓜果刀/刨,厨具,B03,B03
"""6196,6198,6212""",砧板,厨具,B03,B03
"""6196,6198,6211""",刀具套装,厨具,B03,B03
"""6196,6198,6210""",剪刀,厨具,B03,B03
"""6196,6198,6209""",菜刀,厨具,B03,B03
"""6196,6197,11976""",火锅,厨具,B03,B03
"""6196,6197,6207""",水壶,厨具,B03,B03
"""6196,6197,6206""",煲类,厨具,B03,B03
"""6196,6197,6205""",锅具套装,厨具,B03,B03
"""6196,6197,6204""",奶锅,厨具,B03,B03
"""6196,6197,6203""",汤锅,厨具,B03,B03
"""6196,6197,6202""",蒸锅,厨具,B03,B03
"""6196,6197,6200""",煎锅,厨具,B03,B03
"""6144,13062,13068""",耳饰,珠宝首饰,B04,B04
"""6144,6155,6157""",手镯/手链/脚链,珠宝首饰,B04,B04
"""6144,6155,6156""",吊坠/项链,珠宝首饰,B04,B04
"""6144,6155,6158""",戒指/耳饰,珠宝首饰,B04,B04
"""6144,6155,11238""",足银手镯,珠宝首饰,B04,B04
"""6144,6160,6161""",裸钻,珠宝首饰,B04,B04
"""6144,6160,6162""",戒指,珠宝首饰,B04,B04
"""6144,6160,6163""",项链/吊坠,珠宝首饰,B04,B04
"""6144,6160,6164""",耳饰,珠宝首饰,B04,B04
"""6144,6160,6165""",手镯/手链,珠宝首饰,B04,B04
"""6144,6167,6168""",项链/吊坠,珠宝首饰,B04,B04
"""6144,6167,6169""",手镯/手串,珠宝首饰,B04,B04
"""6144,6167,6170""",戒指,珠宝首饰,B04,B04
"""6144,6167,6173""",耳饰,珠宝首饰,B04,B04
"""6144,6167,6175""",挂件/摆件/把件,珠宝首饰,B04,B04
"""6144,6167,6177""",高值收藏,珠宝首饰,B04,B04
"""6144,6155,13070""",银耳饰,珠宝首饰,B04,B04
"""6144,6155,6159""",宝宝银饰,珠宝首饰,B04,B04
"""6144,6172,6176""",项链/吊坠,珠宝首饰,B04,B04
"""6144,6174,13071""",琥珀/蜜蜡,珠宝首饰,B04,B04
"""6144,6174,13072""",碧玺,珠宝首饰,B04,B04
"""6144,6174,13073""",红宝石/蓝宝石,珠宝首饰,B04,B04
"""6144,6174,13074""",坦桑石,珠宝首饰,B04,B04
"""6144,6174,13075""",珊瑚,珠宝首饰,B04,B04
"""6144,6174,13076""",祖母绿,珠宝首饰,B04,B04
"""6144,6174,13078""",托帕石,珠宝首饰,B04,B04
"""6144,6174,13077""",葡萄石,珠宝首饰,B04,B04
"""6144,6174,6179""",项链/吊坠,珠宝首饰,B04,B04
"""6144,6174,6181""",耳饰,珠宝首饰,B04,B04
"""6144,6174,6184""",手镯/手链,珠宝首饰,B04,B04
"""6144,6174,6186""",戒指,珠宝首饰,B04,B04
"""6144,12040,12043""",项链/吊坠,珠宝首饰,B04,B04
"""6144,12040,13786""",铂金吊坠,珠宝首饰,B04,B04
"""6144,12040,12044""",手镯/手链/脚链,珠宝首饰,B04,B04
"""6144,12040,12045""",戒指,珠宝首饰,B04,B04
"""6144,12040,12046""",耳饰,珠宝首饰,B04,B04
"""6144,12042,12053""",项链,珠宝首饰,B04,B04
"""6144,12042,12054""",吊坠,珠宝首饰,B04,B04
"""6144,12042,12055""",耳饰,珠宝首饰,B04,B04
"""6144,12042,12056""",手链,珠宝首饰,B04,B04
"""6144,12042,12057""",戒指,珠宝首饰,B04,B04
"""6144,12042,12058""",胸针,珠宝首饰,B04,B04
"""6144,6146,6151""",投资金,珠宝首饰,B04,B04
"""6144,6146,6152""",投资银,珠宝首饰,B04,B04
"""6144,6146,13531""",投资收藏,珠宝首饰,B04,B04
"""5025,5026,13673""",瑞表,钟表,B05,B05
"""5025,5026,13674""",国表,钟表,B05,B05
"""5025,5026,13669""",日韩表,钟表,B05,B05
"""5025,5026,13668""",欧美表,钟表,B05,B05
"""5025,5026,13672""",德表,钟表,B05,B05
"""5025,5026,13670""",闹钟,钟表,B05,B05
"""5025,5026,12094""",座钟挂钟,钟表,B05,B05
"""5025,5026,13671""",钟表配件,钟表,B05,B05
"""12218,12221,13556""",奇异果/猕猴桃,生鲜,B06,B06
"""12218,12221,13557""",车厘子/樱桃,生鲜,B06,B06
"""12218,12221,13564""",牛油果,生鲜,B06,B06
"""12218,12221,13571""",更多水果,生鲜,B06,B06
"""12218,12221,13568""",柠檬,生鲜,B06,B06
"""12218,12222,12242""",虾,生鲜,B06,B06
"""12218,12222,12244""",贝,生鲜,B06,B06
"""12218,12222,12245""",干海产品,生鲜,B06,B06
"""12218,13553,13575""",根茎类,生鲜,B06,B06
"""12218,13553,13574""",茄果瓜类,生鲜,B06,B06
"""12218,13553,13573""",叶菜类,生鲜,B06,B06
"""12218,13553,13577""",葱姜蒜椒,生鲜,B06,B06
"""12218,13553,13576""",鲜菌菇,生鲜,B06,B06
"""12218,13553,13578""",半加工蔬菜,生鲜,B06,B06
"""12218,13591,13594""",面点,生鲜,B06,B06
"""12218,13591,13596""",速冻半成品,生鲜,B06,B06
"""12218,13591,13595""",火锅丸串,生鲜,B06,B06
"""12218,13591,13597""",奶酪黄油,生鲜,B06,B06
"""6994,7000,7030""",服饰,宠物生活,B07,B07
"""1672,2575,5257""",单肩包,礼品箱包,B07,B07
"""1672,2575,5259""",手提包,礼品箱包,B07,B07
"""1672,2575,5260""",斜挎包,礼品箱包,B07,B07
"""1672,2575,5258""",双肩包,礼品箱包,B07,B07
"""1672,2575,2580""",钱包,礼品箱包,B07,B07
"""1672,2575,5256""",手拿包,礼品箱包,B07,B07
"""1672,2575,12070""",卡包/零钱包,礼品箱包,B07,B07
"""1672,2575,12069""",钥匙包,礼品箱包,B07,B07
"""1672,2576,2584""",男士钱包,礼品箱包,B07,B07
"""1672,2576,12072""",单肩/斜挎包,礼品箱包,B07,B07
"""1672,2576,1455""",商务公文包,礼品箱包,B07,B07
"""1672,2576,12071""",双肩包,礼品箱包,B07,B07
"""1672,2576,5262""",男士手包,礼品箱包,B07,B07
"""1672,2576,13542""",卡包名片夹,礼品箱包,B07,B07
"""1672,2576,12073""",钥匙包,礼品箱包,B07,B07
"""1672,2577,2589""",拉杆箱,礼品箱包,B07,B07
"""1672,2577,13543""",拉杆包,礼品箱包,B07,B07
"""1672,2577,2588""",旅行包,礼品箱包,B07,B07
"""1672,2577,3997""",电脑包,礼品箱包,B07,B07
"""1672,2577,3998""",休闲运动包,礼品箱包,B07,B07
"""1672,2577,5265""",书包,礼品箱包,B07,B07
"""1672,2577,2587""",登山包,礼品箱包,B07,B07
"""1672,2577,12076""",腰包/胸包,礼品箱包,B07,B07
"""1672,2577,4000""",旅行配件,礼品箱包,B07,B07
"""1672,2577,5271""",妈咪包,礼品箱包,B07,B07
"""1672,2615,9186""",箱包,礼品箱包,B07,B07
"""1672,2615,9187""",钱包,礼品箱包,B07,B07
"""1672,2615,9188""",服饰,礼品箱包,B07,B07
"""1672,2615,9189""",腰带,礼品箱包,B07,B07
"""1672,2615,11934""",鞋靴,礼品箱包,B07,B07
"""1672,2615,11935""",饰品,礼品箱包,B07,B07
"""1672,2615,9191""",配件,礼品箱包,B07,B07
"""1672,2599,1440""",火机烟具,礼品箱包,B07,B07
"""1672,2599,1443""",军刀军具,礼品箱包,B07,B07
"""1672,2599,12078""",美妆礼品,礼品箱包,B07,B07
"""1672,2599,1445""",工艺礼品,礼品箱包,B07,B07
"""1672,2599,1446""",礼盒礼券,礼品箱包,B07,B07
"""1672,2599,1442""",礼品文具,礼品箱包,B07,B07
"""1672,2599,1444""",收藏品,礼品箱包,B07,B07
"""1672,2599,12080""",古董把玩,礼品箱包,B07,B07
"""1672,2599,12079""",礼品定制,礼品箱包,B07,B07
"""1672,2599,5266""",创意礼品,礼品箱包,B07,B07
"""1672,2599,13665""",电子礼品,礼品箱包,B07,B07
"""1672,2599,4942""",婚庆用品,礼品箱包,B07,B07
"""1672,2599,4698""",鲜花绿植,礼品箱包,B07,B07
"""1672,2599,13666""",绿植,礼品箱包,B07,B07
"""1672,2599,13667""",熏香,礼品箱包,B07,B07
"""1672,2599,6980""",京东卡,礼品箱包,B07,B07
"""9855,9856,9905""",氛围照明,家装建材,C01,C01
"""9855,9856,9903""",LED灯,家装建材,C01,C01
"""9855,9856,9901""",落地灯,家装建材,C01,C01
"""9855,9856,9900""",装饰灯,家装建材,C01,C01
"""9855,9856,9899""",节能灯,家装建材,C01,C01
"""9855,9856,9898""",台灯,家装建材,C01,C01
"""1620,1623,6861""",氛围照明,家居家装,C01,C01
"""1620,1623,1650""",装饰灯,家居家装,C01,C01
"""1620,1623,1654""",应急灯/手电,家居家装,C01,C01
"""1620,1623,4956""",五金电器,家居家装,C01,C01
"""1620,1623,1653""",落地灯,家居家装,C01,C01
"""1620,1623,1649""",节能灯,家居家装,C01,C01
"""1620,1623,4955""",LED灯,家居家装,C01,C01
"""1620,1623,11971""",筒灯射灯,家居家装,C01,C01
"""1620,1623,1648""",台灯,家居家装,C01,C01
"""1620,11158,11167""",保暖防护,家居家装,C01,C01
"""1620,11158,11969""",创意家居,家居家装,C01,C01
"""1620,11158,11964""",帘艺隔断,家居家装,C01,C01
"""1620,11158,11966""",钟饰,家居家装,C01,C01
"""1620,11158,11164""",节庆饰品,家居家装,C01,C01
"""1620,11158,11968""",香薰蜡烛,家居家装,C01,C01
"""1620,11158,11967""",花瓶花艺,家居家装,C01,C01
"""1620,11158,11965""",墙贴/装饰贴,家居家装,C01,C01
"""1620,11158,11162""",相框/照片墙,家居家装,C01,C01
"""1620,11158,11165""",手工/十字绣,家居家装,C01,C01
"""1620,11158,11166""",装饰摆件,家居家装,C01,C01
"""1620,11158,11163""",装饰字画,家居家装,C01,C01
"""1620,11158,11161""",沙发垫套/椅垫,家居家装,C01,C01
"""1620,11158,11160""",地毯地垫,家居家装,C01,C01
"""1620,11158,11159""",桌布/罩件,家居家装,C01,C01
"""1620,1624,1658""",缝纫/针织用品,家居家装,C01,C01
"""1620,1624,1660""",洗晒/熨烫,家居家装,C01,C01
"""1620,1624,1657""",浴室用品,家居家装,C01,C01
"""1620,1624,1661""",净化除味,家居家装,C01,C01
"""1620,1624,1656""",雨伞雨具,家居家装,C01,C01
"""1620,1624,1655""",收纳用品,家居家装,C01,C01
"""1620,1621,11962""",布艺软饰,家居家装,C01,C01
"""1620,1621,2688""",电热毯,家居家装,C01,C01
"""1620,1621,4952""",窗帘/窗纱,家居家装,C01,C01
"""1620,1621,1633""",抱枕靠垫,家居家装,C01,C01
"""1620,1621,1630""",毯子,家居家装,C01,C01
"""1620,1621,1629""",床单被罩,家居家装,C01,C01
"""1620,1621,1634""",毛巾浴巾,家居家装,C01,C01
"""1620,1621,11963""",凉席,家居家装,C01,C01
"""1620,1621,1632""",蚊帐,家居家装,C01,C01
"""1620,1621,1628""",枕芯,家居家装,C01,C01
"""1620,1621,1626""",床品套件,家居家装,C01,C01
"""9855,9861,11961""",壁炉/壁挂炉/地暖,家装建材,C02,C02
"""9855,9861,11960""",浴霸/换气扇,家装建材,C02,C02
"""9855,9861,9942""",园艺休闲,家装建材,C02,C02
"""9855,9861,9941""",移门壁柜,家装建材,C02,C02
"""9855,9861,9940""",窗,家装建材,C02,C02
"""9855,9861,9939""",门,家装建材,C02,C02
"""9855,9861,9937""",吊顶,家装建材,C02,C02
"""9855,9860,11959""",涂刷辅料/胶类,家装建材,C02,C02
"""9855,9860,9936""",管材管件,家装建材,C02,C02
"""9855,9860,9935""",木材/板材,家装建材,C02,C02
"""9855,9860,9934""",地板,家装建材,C02,C02
"""9855,9860,9933""",瓷砖,家装建材,C02,C02
"""9855,9860,9932""",壁纸,家装建材,C02,C02
"""9855,9860,9931""",油漆/涂料,家装建材,C02,C02
"""9855,9859,11958""",接线板/排插,家装建材,C02,C02
"""9855,9859,9930""",电料配件,家装建材,C02,C02
"""9855,9859,9929""",电线/电缆,家装建材,C02,C02
"""9855,9859,9928""",配电箱/断路器,家装建材,C02,C02
"""9855,9859,13752""",监控安防,家装建材,C02,C02
"""9855,9859,9926""",开关插座,家装建材,C02,C02
"""9855,9859,13751""",门铃,家装建材,C02,C02
"""9855,9858,9925""",工具箱/包/车,家装建材,C02,C02
"""9855,9858,9924""",劳防用品,家装建材,C02,C02
"""9855,9858,9923""",测量工具,家装建材,C02,C02
"""9855,9858,9922""",电动工具,家装建材,C02,C02
"""9855,9858,9921""",手动工具,家装建材,C02,C02
"""9855,9858,9920""",家用五金,家装建材,C02,C02
"""9855,9858,9919""",锁具,家装建材,C02,C02
"""9855,9858,13753""",仪器仪表,家装建材,C02,C02
"""9855,9857,11957""",淋浴房,家装建材,C02,C02
"""9855,9857,9917""",沐浴桶,家装建材,C02,C02
"""9855,9857,9916""",陶瓷件组套,家装建材,C02,C02
"""9855,9857,9915""",橱柜,家装建材,C02,C02
"""9855,9857,9914""",净水软水,家装建材,C02,C02
"""9855,9857,9913""",水槽,家装建材,C02,C02
"""9855,9857,9912""",浴缸,家装建材,C02,C02
"""9855,9857,9911""",浴室柜,家装建材,C02,C02
"""9855,9857,9909""",龙头,家装建材,C02,C02
"""9855,9857,9908""",厨卫五金/挂件,家装建材,C02,C02
"""9855,9857,13754""",智能马桶盖,家装建材,C02,C02
"""9855,9857,9907""",淋浴花洒,家装建材,C02,C02
"""9855,9856,11950""",室外/庭院灯,家装建材,C02,C02
"""9855,9856,11949""",筒灯/射灯,家装建材,C02,C02
"""9855,9856,9902""",手电筒/应急灯,家装建材,C02,C02
"""6994,6998,7023""",水族世界,宠物生活,C03,C03
"""6994,6995,7002""",狗粮,宠物生活,C03,C03
"""6994,6995,7003""",猫粮,宠物生活,C03,C03
"""6994,6995,7004""",猫狗罐头,宠物生活,C03,C03
"""6994,6995,7005""",猫狗妙鲜包,宠物生活,C03,C03
"""6994,6995,9173""",鱼粮/小宠,宠物生活,C03,C03
"""6994,6996,7006""",肉类零食,宠物生活,C03,C03
"""6994,6996,7007""",磨牙/洁齿,宠物生活,C03,C03
"""6994,6996,7008""",饼干奶酪,宠物生活,C03,C03
"""6994,6996,7009""",猫零食,宠物生活,C03,C03
"""6994,6996,11982""",小宠零食,宠物生活,C03,C03
"""6994,6998,7020""",猫砂/尿布,宠物生活,C03,C03
"""6994,7001,7035""",浴液,宠物生活,C03,C03
"""6994,7001,7036""",护毛素,宠物生活,C03,C03
"""6994,7001,7037""",美容用具,宠物生活,C03,C03
"""6994,7001,7039""",美容电器,宠物生活,C03,C03
"""6994,6998,7017""",猫狗窝,宠物生活,C03,C03
"""6994,6998,7018""",食具水具,宠物生活,C03,C03
"""6994,6998,7019""",猫狗厕所,宠物生活,C03,C03
"""6994,6998,7021""",清洁除味,宠物生活,C03,C03
"""6994,6998,7022""",笼子/围栏,宠物生活,C03,C03
"""6994,6997,7011""",发育补钙,宠物生活,C03,C03
"""6994,6997,7012""",护肤美毛,宠物生活,C03,C03
"""6994,6997,7013""",肠胃调理,宠物生活,C03,C03
"""6994,6997,7015""",奶粉,宠物生活,C03,C03
"""6994,6997,7016""",宠物驱虫,宠物生活,C03,C03
"""6994,6997,11983""",口/耳/眼清洁,宠物生活,C03,C03
"""6994,6997,11984""",皮肤病防治,宠物生活,C03,C03
"""6994,7000,7028""",宠物牵引,宠物生活,C03,C03
"""6994,7000,7029""",便携包/笼,宠物生活,C03,C03
"""6994,7000,7031""",外出用品,宠物生活,C03,C03
"""6994,6999,7024""",毛绒.绳结,宠物生活,C03,C03
"""6994,6999,7025""",训导玩具,宠物生活,C03,C03
"""6994,6999,7026""",橡胶玩具,宠物生活,C03,C03
"""6994,6999,7027""",猫爬架/猫抓板,宠物生活,C03,C03
"""9847,9854,12532""",货架/展示架,家具,C04,C04
"""9847,9854,12531""",办公前台/收银台,家具,C04,C04
"""9847,9854,12530""",办公柜,家具,C04,C04
"""9847,9854,12529""",办公沙发,家具,C04,C04
"""9847,9854,9894""",餐饮娱乐家具,家具,C04,C04
"""9847,9854,9893""",酒店家具,家具,C04,C04
"""9847,9853,11974""",折叠床,家具,C04,C04
"""9847,9853,9892""",户外家具,家具,C04,C04
"""9847,9853,9891""",家用梯,家具,C04,C04
"""9847,9853,9890""",花架/装饰架,家具,C04,C04
"""9847,9853,9889""",晒衣架/烫衣板,家具,C04,C04
"""9847,9852,9888""",层架/置物架,家具,C04,C04
"""9847,9852,9887""",墙面搁架,家具,C04,C04
"""9847,9852,9886""",储物/收纳用品,家具,C04,C04
"""9847,9852,9885""",鞋架/衣帽架,家具,C04,C04
"""9847,9851,11973""",电脑桌,家具,C04,C04
"""9847,9851,9884""",儿童学习桌/椅,家具,C04,C04
"""9847,9851,9883""",书桌,家具,C04,C04
"""9847,9851,9882""",电脑椅,家具,C04,C04
"""9847,9851,9881""",书柜/书架,家具,C04,C04
"""9847,9850,9880""",餐椅/吧台椅,家具,C04,C04
"""9847,9850,9879""",酒柜,家具,C04,C04
"""9847,9850,9878""",餐边柜,家具,C04,C04
"""9847,9850,9877""",餐桌,家具,C04,C04
"""9847,9849,11142""",休闲椅/凳,家具,C04,C04
"""9847,9849,9876""",鞋柜,家具,C04,C04
"""9847,9849,9875""",壁炉,家具,C04,C04
"""9847,9849,9874""",屏风,家具,C04,C04
"""9847,9849,9873""",电视柜,家具,C04,C04
"""9847,9849,9872""",边桌/茶几,家具,C04,C04
"""9847,9849,9871""",沙发床,家具,C04,C04
"""9847,9849,9870""",沙发,家具,C04,C04
"""9847,9848,11972""",衣柜,家具,C04,C04
"""9847,9848,9869""",穿衣镜,家具,C04,C04
"""9847,9848,9868""",梳妆台/凳,家具,C04,C04
"""9847,9848,9867""",斗柜,家具,C04,C04
"""9847,9848,9866""",简易衣柜,家具,C04,C04
"""9847,9848,9865""",床头柜,家具,C04,C04
"""9847,9848,9864""",床垫,家具,C04,C04
"""9847,9848,9863""",床,家具,C04,C04
"""11729,11731,9776""",女靴,鞋靴,C05,C05
"""11729,11731,6914""",单鞋,鞋靴,C05,C05
"""11729,11731,9772""",高跟鞋,鞋靴,C05,C05
"""11729,11731,12063""",内增高,鞋靴,C05,C05
"""11729,11731,12061""",坡跟鞋,鞋靴,C05,C05
"""11729,11731,12062""",松糕鞋,鞋靴,C05,C05
"""11729,11731,12064""",防水台,鞋靴,C05,C05
"""11729,11731,6915""",鱼嘴鞋,鞋靴,C05,C05
"""11729,11731,6918""",布鞋/绣花鞋,鞋靴,C05,C05
"""11729,11731,9775""",拖鞋/人字拖,鞋靴,C05,C05
"""11729,11731,12060""",马丁靴,鞋靴,C05,C05
"""11729,11731,9769""",踝靴,鞋靴,C05,C05
"""11729,11731,6920""",雪地靴,鞋靴,C05,C05
"""11729,11731,9778""",妈妈鞋,鞋靴,C05,C05
"""11729,11731,9777""",雨鞋/雨靴,鞋靴,C05,C05
"""11729,11731,9779""",鞋配件,鞋靴,C05,C05
"""11729,11730,6907""",商务休闲鞋,鞋靴,C05,C05
"""11729,11730,6906""",正装鞋,鞋靴,C05,C05
"""11729,11730,6912""",男靴,鞋靴,C05,C05
"""11729,11730,12066""",增高鞋,鞋靴,C05,C05
"""11729,11730,12068""",定制鞋,鞋靴,C05,C05
"""11729,11730,6911""",拖鞋/人字拖,鞋靴,C05,C05
"""11729,11730,6909""",凉鞋/沙滩鞋,鞋靴,C05,C05
"""11729,11730,9782""",雨鞋/雨靴,鞋靴,C05,C05
"""11729,11730,6910""",传统布鞋,鞋靴,C05,C05
"""11729,11730,6913""",鞋配件,鞋靴,C05,C05
"""1713,3263,3394""",儿童文学,图书,C06,C06
"""1713,3263,4761""",绘本,图书,C06,C06
"""1713,3263,3399""",科普/百科,图书,C06,C06
"""1713,3263,3395""",幼儿启蒙,图书,C06,C06
"""1713,3263,3396""",手工/游戏,图书,C06,C06
"""1713,3263,3398""",智力开发,图书,C06,C06
"""1713,11047,11048""",大学教材,图书,C06,C06
"""1713,11047,11051""",中职中专教材,图书,C06,C06
"""1713,11047,11054""",职业培训教材,图书,C06,C06
"""1713,3258,3303""",外国小说,图书,C06,C06
"""1713,3259,3333""",散文/随笔/书信,图书,C06,C06
"""1713,3258,3304""",侦探/悬疑/推理,图书,C06,C06
"""1713,3258,6569""",科幻小说,图书,C06,C06
"""1713,3259,3334""",诗歌词曲,图书,C06,C06
"""1713,3290,3876""",会计类考试,图书,C06,C06
"""1713,3291,6624""",英语四/六级考试（CET-4/6）,图书,C06,C06
"""1713,3290,6602""",考研英语,图书,C06,C06
"""1713,3291,3893""",英语读物,图书,C06,C06
"""1713,3291,3888""",生活实用英语,图书,C06,C06
"""1713,3265,3430""",股票,图书,C06,C06
"""1713,3265,3432""",个人理财,图书,C06,C06
"""1713,3266,3444""",市场营销,图书,C06,C06
"""1713,3266,3439""",人力资源管理,图书,C06,C06
"""1713,3273,3545""",中国史,图书,C06,C06
"""1713,3273,3544""",世界史,图书,C06,C06
"""1713,9314,9315""",手工DIY,图书,C06,C06
"""1713,3287,3814""",办公软件,图书,C06,C06
"""1713,3289,4766""",小学一年级,图书,C06,C06
"""1713,3289,4767""",小学二年级,图书,C06,C06
"""1713,3289,4768""",小学三年级,图书,C06,C06
"""1713,3289,4769""",小学四年级,图书,C06,C06
"""1713,3289,4770""",小学五年级,图书,C06,C06
"""1713,3289,4771""",小学六年级,图书,C06,C06
"""1713,3289,4773""",初一/七年级,图书,C06,C06
"""1713,3289,4774""",初二/八年级,图书,C06,C06
"""1713,3289,4775""",初三/九年级,图书,C06,C06
"""1713,3289,4776""",中考,图书,C06,C06
"""1713,3289,3841""",初中通用,图书,C06,C06
"""1713,3289,4777""",高一,图书,C06,C06
"""1713,3289,4778""",高二,图书,C06,C06
"""1713,3289,4779""",高三,图书,C06,C06
"""1713,3289,4780""",高考,图书,C06,C06
"""1713,3289,3839""",中小学课外读物,图书,C06,C06
"""1713,3289,3837""",中小学作文辅导,图书,C06,C06
"""1713,3289,3838""",中小学工具书,图书,C06,C06
"""1713,3294,3937""",汉语词典,图书,C06,C06
"""1713,3289,4781""",教师用书,图书,C06,C06
"""1713,3289,3849""",奥数/竞赛,图书,C06,C06
"""1713,3289,4765""",学习方法/报考指南,图书,C06,C06
"""1713,3289,3836""",小学通用,图书,C06,C06
"""1713,3289,3842""",高中通用,图书,C06,C06
"""1713,3294,3923""",汉语字典,图书,C06,C06
"""1713,3294,12082""",成语词典,图书,C06,C06
"""1713,3290,6601""",考研政治,图书,C06,C06
"""1713,3290,6603""",考研数学,图书,C06,C06
"""1713,3290,6594""",国家公务员,图书,C06,C06
"""1713,3290,6615""",司法考试,图书,C06,C06
"""1713,3290,6617""",建筑类考试,图书,C06,C06
"""1713,3290,6613""",证券从业资格考试,图书,C06,C06
"""1713,3290,12098""",教师类考试,图书,C06,C06
"""1713,3290,6605""",考研专业课,图书,C06,C06
"""1713,3290,6607""",MBA/MPA/MPACC,图书,C06,C06
"""1713,3290,6597""",公务员行政能力测验,图书,C06,C06
"""1713,3290,6599""",公务员公共基础知识,图书,C06,C06
"""1713,3290,6595""",地方公务员,图书,C06,C06
"""1713,3290,6596""",公务员考试申论,图书,C06,C06
"""1713,3290,6598""",公务员考试面试,图书,C06,C06
"""1713,3290,12096""",银行类考试,图书,C06,C06
"""1713,3290,6616""",医学类考试,图书,C06,C06
"""1713,3290,3874""",计算机考试,图书,C06,C06
"""1713,3290,3877""",其他资格/职称考试,图书,C06,C06
"""1713,3290,6600""",事业单位考试,图书,C06,C06
"""1713,3290,3870""",成人高考/自考,图书,C06,C06
"""1713,3290,6612""",英语考试,图书,C06,C06
"""1713,3290,3875""",汉语/小语种考试,图书,C06,C06
"""1713,3290,6614""",其他经管类考试,图书,C06,C06
"""1713,3290,6606""",同等学力考试,图书,C06,C06
"""1713,3291,3890""",英语综合教程,图书,C06,C06
"""1713,3291,3891""",职业/行业英语,图书,C06,C06
"""1713,3291,3899""",英语专项训练,图书,C06,C06
"""1713,3291,6621""",英语口语,图书,C06,C06
"""1713,3291,6622""",英语词汇,图书,C06,C06
"""1713,3291,6636""",留学指南,图书,C06,C06
"""1713,3291,6629""",剑桥商务英语考试BEC,图书,C06,C06
"""1713,3291,3887""",日语,图书,C06,C06
"""1713,3291,3889""",法语,图书,C06,C06
"""1713,3291,3880""",儿童英语,图书,C06,C06
"""1713,3291,3882""",对外汉语,图书,C06,C06
"""1713,3291,3895""",词典与工具书,图书,C06,C06
"""1713,3294,12083""",中小学工具书,图书,C06,C06
"""1713,3258,3306""",魔幻/奇幻/玄幻,图书,C06,C06
"""1713,3258,3305""",惊悚/恐怖,图书,C06,C06
"""1713,3258,3317""",历史,图书,C06,C06
"""1713,3258,3307""",武侠,图书,C06,C06
"""1713,3258,3315""",财经,图书,C06,C06
"""1713,3258,3309""",情感/家庭/婚姻,图书,C06,C06
"""1713,3258,3310""",宫廷,图书,C06,C06
"""1713,3258,3308""",军事,图书,C06,C06
"""1713,3258,3311""",社会,图书,C06,C06
"""1713,3258,3297""",中国当代小说,图书,C06,C06
"""1713,3258,3298""",中国近现代小说,图书,C06,C06
"""1713,3258,3318""",影视小说,图书,C06,C06
"""1713,3258,3320""",世界名著,图书,C06,C06
"""1713,3258,3299""",中国古典小说,图书,C06,C06
"""1713,3259,3328""",名家作品,图书,C06,C06
"""1713,3259,3336""",中国文学,图书,C06,C06
"""1713,3259,3337""",外国文学,图书,C06,C06
"""1713,3259,3327""",作品集,图书,C06,C06
"""1713,3259,3330""",纪实文学,图书,C06,C06
"""1713,3259,3325""",文学评论与研究,图书,C06,C06
"""1713,3259,3331""",民间文学,图书,C06,C06
"""1713,3259,3329""",儿童文学,图书,C06,C06
"""1713,3259,6570""",戏剧曲艺,图书,C06,C06
"""1713,3259,3324""",文学理论,图书,C06,C06
"""1713,3259,3326""",文学史,图书,C06,C06
"""1713,3260,3345""",大陆原创,图书,C06,C06
"""1713,3260,3339""",爱情/情感,图书,C06,C06
"""1713,3260,3344""",玄幻/科幻/新武侠,图书,C06,C06
"""1713,3260,3340""",叛逆/成长,图书,C06,C06
"""1713,3260,3341""",悬疑/惊悚,图书,C06,C06
"""1713,3260,3342""",娱乐/偶像,图书,C06,C06
"""1713,3260,3343""",爆笑/无厘头,图书,C06,C06
"""1713,3261,3355""",政治人物,图书,C06,C06
"""1713,3261,3353""",领袖首脑,图书,C06,C06
"""1713,3261,3354""",军事人物,图书,C06,C06
"""1713,3261,3356""",财经人物,图书,C06,C06
"""1713,3261,3350""",历史人物,图书,C06,C06
"""1713,3261,3352""",历代帝王,图书,C06,C06
"""1713,3261,3358""",女性人物,图书,C06,C06
"""1713,3261,3360""",文娱明星,图书,C06,C06
"""1713,3261,3359""",体坛之星,图书,C06,C06
"""1713,3261,3367""",自传,图书,C06,C06
"""1713,3261,3351""",经典传记,图书,C06,C06
"""1713,3261,3364""",文学家,图书,C06,C06
"""1713,3261,3363""",艺术家,图书,C06,C06
"""1713,3261,3366""",社会百相,图书,C06,C06
"""1713,3261,3357""",宗教人物,图书,C06,C06
"""1713,3261,3361""",科学家,图书,C06,C06
"""1713,3272,3536""",欧美动漫,图书,C06,C06
"""1713,3272,3533""",大陆动漫,图书,C06,C06
"""1713,3272,10827""",绘本,图书,C06,C06
"""1713,3272,3541""",爆笑漫画,图书,C06,C06
"""1713,3272,3534""",港台动漫,图书,C06,C06
"""1713,12775,12784""",绘画技法,图书,C06,C06
"""1713,12775,12777""",国画赏析,图书,C06,C06
"""1713,3262,10009""",连环画,图书,C06,C06
"""1713,12776,12787""",摄影技法,图书,C06,C06
"""1713,12776,12788""",摄影器材指南,图书,C06,C06
"""1713,12776,12791""",摄影集/图册,图书,C06,C06
"""1713,12776,12790""",摄影理论,图书,C06,C06
"""1713,3262,3379""",设计,图书,C06,C06
"""1713,3262,3374""",鉴赏收藏,图书,C06,C06
"""1713,3262,3372""",艺术史,图书,C06,C06
"""1713,3262,3371""",艺术理论与评论,图书,C06,C06
"""1713,12775,12782""",其他绘画,图书,C06,C06
"""1713,12775,12783""",名家画集,图书,C06,C06
"""1713,12775,12785""",绘画理论,图书,C06,C06
"""1713,3262,3376""",书法与篆刻,图书,C06,C06
"""1713,3262,3380""",影视,图书,C06,C06
"""1713,3262,3378""",动画,图书,C06,C06
"""1713,3262,3381""",雕塑,图书,C06,C06
"""1713,3262,3384""",舞蹈,图书,C06,C06
"""1713,3262,3382""",建筑,图书,C06,C06
"""1713,3262,3387""",民间艺术,图书,C06,C06
"""1713,3262,3386""",工艺美术,图书,C06,C06
"""1713,3262,3373""",世界各国艺术概况,图书,C06,C06
"""1713,3262,3385""",舞台艺术戏剧,图书,C06,C06
"""1713,3266,3453""",项目管理,图书,C06,C06
"""1713,3266,3449""",管理学,图书,C06,C06
"""1713,3266,3441""",企业管理与培训,图书,C06,C06
"""1713,3266,3451""",财务管理,图书,C06,C06
"""1713,3266,3438""",MBA与工商管理,图书,C06,C06
"""1713,3266,3454""",领导学,图书,C06,C06
"""1713,3266,3440""",创业/商业史传,图书,C06,C06
"""1713,3266,3445""",战略管理,图书,C06,C06
"""1713,3266,3443""",商务实务,图书,C06,C06
"""1713,3266,3452""",通俗读物,图书,C06,C06
"""1713,3265,3429""",期货,图书,C06,C06
"""1713,3265,3423""",保险,图书,C06,C06
"""1713,3265,3433""",货币银行学,图书,C06,C06
"""1713,3265,3435""",金融理论,图书,C06,C06
"""1713,3265,3426""",国际金融,图书,C06,C06
"""1713,3265,3434""",金融市场与管理,图书,C06,C06
"""1713,3265,3422""",中国金融银行,图书,C06,C06
"""1713,3264,3414""",经济学理论,图书,C06,C06
"""1713,3264,3406""",经典著作,图书,C06,C06
"""1713,3264,3408""",中国经济,图书,C06,C06
"""1713,3264,3407""",世界经济,图书,C06,C06
"""1713,3264,3419""",通俗读物,图书,C06,C06
"""1713,3264,3416""",行业经济,图书,C06,C06
"""1713,3264,3411""",经济体制与改革,图书,C06,C06
"""1713,3264,3421""",工业经济,图书,C06,C06
"""1713,3267,3467""",成功学,图书,C06,C06
"""1713,3267,3463""",女性励志,图书,C06,C06
"""1713,3267,3465""",名人励志,图书,C06,C06
"""1713,3267,3474""",青少年励志/大学生指南,图书,C06,C06
"""1713,3267,3476""",情商管理,图书,C06,C06
"""1713,3267,6572""",智力与谋略,图书,C06,C06
"""1713,3267,3460""",创业必修,图书,C06,C06
"""1713,3267,3477""",性格/习惯,图书,C06,C06
"""1713,3267,3459""",人际与社交,图书,C06,C06
"""1713,3267,3458""",人在职场,图书,C06,C06
"""1713,3267,3466""",心灵鸡汤,图书,C06,C06
"""1713,3267,3471""",自我完善,图书,C06,C06
"""1713,3267,3472""",自我调节,图书,C06,C06
"""1713,3267,3469""",智慧格言,图书,C06,C06
"""1713,3267,3468""",文明礼仪,图书,C06,C06
"""1713,3267,3470""",演讲与口才,图书,C06,C06
"""1713,3273,3547""",史家名著,图书,C06,C06
"""1713,3275,9950""",史部,图书,C06,C06
"""1713,3273,3549""",文物考古,图书,C06,C06
"""1713,3273,3556""",通俗说史,图书,C06,C06
"""1713,3273,3548""",逸闻野史,图书,C06,C06
"""1713,3273,6579""",地方史志,图书,C06,C06
"""1713,3273,3546""",历史热点,图书,C06,C06
"""1713,3273,3555""",民族史,图书,C06,C06
"""1713,3273,3551""",历史工具书,图书,C06,C06
"""1713,3273,3554""",历史研究与评论,图书,C06,C06
"""1713,3273,3542""",史学理论,图书,C06,C06
"""1713,3279,3658""",心理百科,图书,C06,C06
"""1713,3279,3647""",大众心理学,图书,C06,C06
"""1713,3279,13778""",性格色彩学,图书,C06,C06
"""1713,3279,3649""",人格心理学,图书,C06,C06
"""1713,3279,3653""",应用心理学,图书,C06,C06
"""1713,3279,3656""",心理学理论,图书,C06,C06
"""1713,3279,3659""",心灵疗愈/催眠,图书,C06,C06
"""1713,3279,3660""",生理心理学,图书,C06,C06
"""1713,3276,3582""",政治经典著作,图书,C06,C06
"""1713,3276,3583""",世界政治,图书,C06,C06
"""1713,3276,3585""",中国政治,图书,C06,C06
"""1713,3276,3584""",中国共产党,图书,C06,C06
"""1713,3276,3586""",党政读物,图书,C06,C06
"""1713,3276,3589""",外交、国际关系,图书,C06,C06
"""1713,3276,3592""",政治理论,图书,C06,C06
"""1713,3276,3591""",政治热点,图书,C06,C06
"""1713,3276,6580""",公共管理,图书,C06,C06
"""1713,3276,3594""",马克思主义理论,图书,C06,C06
"""1713,3276,3597""",世界军事,图书,C06,C06
"""1713,3276,3596""",中国军事,图书,C06,C06
"""1713,3276,3601""",武器装备,图书,C06,C06
"""1713,3276,3605""",军事史,图书,C06,C06
"""1713,3276,3600""",战略战术战役,图书,C06,C06
"""1713,3276,3598""",军事理论,图书,C06,C06
"""1713,3281,9339""",语言文字,图书,C06,C06
"""1713,3281,3680""",社会生活与社会问题,图书,C06,C06
"""1713,3281,3683""",社会学,图书,C06,C06
"""1713,3281,3677""",人类学,图书,C06,C06
"""1713,3281,3687""",社会科学理论,图书,C06,C06
"""1713,3281,9337""",教育,图书,C06,C06
"""1713,3281,9338""",新闻出版/档案管理,图书,C06,C06
"""1713,3281,3679""",社会结构和社会关系,图书,C06,C06
"""1713,3281,3684""",社会科学丛书、文集、连续出版物,图书,C06,C06
"""1713,3281,3681""",社会调查,图书,C06,C06
"""1713,3281,3678""",民族学,图书,C06,C06
"""1713,3281,3675""",人口学,图书,C06,C06
"""1713,3277,3606""",经典著作,图书,C06,C06
"""1713,3277,3616""",民法,图书,C06,C06
"""1713,3277,3625""",行政法,图书,C06,C06
"""1713,3277,3609""",刑法,图书,C06,C06
"""1713,3277,3626""",国际法,图书,C06,C06
"""1713,3277,3611""",司法案例与司法解释,图书,C06,C06
"""1713,3277,3615""",外国法律与港澳台法律,图书,C06,C06
"""1713,3277,3621""",法律普及读物,图书,C06,C06
"""1713,3277,3607""",理论法学,图书,C06,C06
"""1713,3277,3617""",法学文集,图书,C06,C06
"""1713,3277,3608""",法律史,图书,C06,C06
"""1713,3277,3610""",司法制度,图书,C06,C06
"""1713,3277,3629""",刑事侦查学（犯罪对策学、犯罪侦查学）,图书,C06,C06
"""1713,3277,3630""",法医学,图书,C06,C06
"""1713,3280,3664""",文化评述,图书,C06,C06
"""1713,3280,3669""",传统文化,图书,C06,C06
"""1713,3280,3673""",世界各国文化,图书,C06,C06
"""1713,3280,3662""",文化史,图书,C06,C06
"""1713,3280,3670""",民俗文化,图书,C06,C06
"""1713,3280,3668""",地域文化,图书,C06,C06
"""1713,3280,3661""",文化理论,图书,C06,C06
"""1713,3280,3665""",文化研究,图书,C06,C06
"""1713,3280,3671""",民族文化,图书,C06,C06
"""1713,3280,3667""",文化专题研究,图书,C06,C06
"""1713,3270,3509""",育儿百科,图书,C06,C06
"""1713,3270,3512""",亲子关系,图书,C06,C06
"""1713,3269,3503""",婴幼儿保健,图书,C06,C06
"""1713,3270,9266""",家教方法,图书,C06,C06
"""1713,3270,9270""",养育女孩,图书,C06,C06
"""1713,3270,9265""",家教理论,图书,C06,C06
"""1713,3270,9267""",素质教育,图书,C06,C06
"""1713,9291,9294""",减肥瘦身,图书,C06,C06
"""1713,3288,3828""",太极/武术/气功,图书,C06,C06
"""1713,3269,3495""",养生,图书,C06,C06
"""1713,3269,3505""",保健食谱,图书,C06,C06
"""1713,3269,3499""",常见病预防与治疗,图书,C06,C06
"""1713,3269,3498""",家庭保健,图书,C06,C06
"""1713,3269,3493""",两性健康,图书,C06,C06
"""1713,3269,3497""",孕产妇保健,图书,C06,C06
"""1713,3269,3500""",心理健康,图书,C06,C06
"""1713,3271,3522""",户外探险,图书,C06,C06
"""1713,3271,3531""",自助游,图书,C06,C06
"""1713,3271,3520""",国外游,图书,C06,C06
"""1713,3271,3519""",国内游,图书,C06,C06
"""1713,3271,3524""",旅游指南,图书,C06,C06
"""1713,3271,3529""",旅游随笔,图书,C06,C06
"""1713,3271,3518""",主题旅游,图书,C06,C06
"""1713,3271,3525""",旅游摄影,图书,C06,C06
"""1713,3271,9274""",世界地图,图书,C06,C06
"""1713,3271,9277""",国家/区域地理地图,图书,C06,C06
"""1713,3271,3523""",旅游地图,图书,C06,C06
"""1713,9278,9279""",家常菜谱,图书,C06,C06
"""1713,9278,9280""",烘焙甜品,图书,C06,C06
"""1713,9278,9281""",养生食疗,图书,C06,C06
"""1713,9278,9282""",茶酒饮品,图书,C06,C06
"""1713,9278,9285""",地方美食,图书,C06,C06
"""1713,9278,9286""",饮食文化,图书,C06,C06
"""1713,9278,9287""",日韩料理,图书,C06,C06
"""1713,9291,9292""",美容护肤,图书,C06,C06
"""1713,9291,9293""",彩妆/美发/美甲,图书,C06,C06
"""1713,9291,9295""",服饰搭配,图书,C06,C06
"""1713,9291,9296""",品牌/奢侈品,图书,C06,C06
"""1713,9291,9297""",男人时尚,图书,C06,C06
"""1713,9291,9298""",时尚女人,图书,C06,C06
"""1713,9291,9299""",时尚生活,图书,C06,C06
"""1713,9301,9302""",家装家饰,图书,C06,C06
"""1713,9301,9305""",宠物,图书,C06,C06
"""1713,9309,9310""",恋爱,图书,C06,C06
"""1713,9309,9311""",婚姻,图书,C06,C06
"""1713,9309,9312""",两性关系,图书,C06,C06
"""1713,3288,3826""",棋牌,图书,C06,C06
"""1713,3288,3831""",休闲运动,图书,C06,C06
"""1713,3288,3821""",体育理论与教学,图书,C06,C06
"""1713,3288,3822""",规则/裁判,图书,C06,C06
"""1713,3287,3813""",计算机理论、基础知识,图书,C06,C06
"""1713,3287,3803""",网络与通信,图书,C06,C06
"""1713,3287,3817""",电子商务,图书,C06,C06
"""1713,3284,3750""",标准和规范,图书,C06,C06
"""1713,3284,3745""",建筑设计,图书,C06,C06
"""1713,3284,3744""",建筑艺术,图书,C06,C06
"""1713,3284,3733""",建筑工具书,图书,C06,C06
"""1713,3284,3737""",建筑史,图书,C06,C06
"""1713,3284,3728""",园林景观,图书,C06,C06
"""1713,3284,3731""",城市规划、城市设计,图书,C06,C06
"""1713,3284,3752""",建筑经济,图书,C06,C06
"""1713,3284,3738""",建筑基础科学,图书,C06,C06
"""1713,3284,3739""",建筑工程经济与管理,图书,C06,C06
"""1713,3282,3700""",化学工业,图书,C06,C06
"""1713,3282,3692""",交通运输,图书,C06,C06
"""1713,3285,3755""",中国医学,图书,C06,C06
"""1713,3285,3764""",神经病学与精神病学,图书,C06,C06
"""1713,3285,3774""",医学文献,图书,C06,C06
"""1713,3285,3753""",医学理论与研究,图书,C06,C06
"""1713,3286,3781""",数学,图书,C06,C06
"""1713,3286,3783""",物理学,图书,C06,C06
"""1713,3286,3784""",化学,图书,C06,C06
"""1713,3286,3793""",生物科学,图书,C06,C06
"""1713,3286,3792""",地理学,图书,C06,C06
"""1713,3286,3789""",大气科学,图书,C06,C06
"""1713,3286,3794""",环境科学,图书,C06,C06
"""1713,3286,6590""",安全科学,图书,C06,C06
"""1713,3286,3777""",自然科学总论,图书,C06,C06
"""1713,4758,4815""",文学文摘,图书,C06,C06
"""1713,4758,4811""",时尚/美妆,图书,C06,C06
"""1713,4758,4803""",旅游地理,图书,C06,C06
"""1713,4758,6643""",艺术/摄影/设计,图书,C06,C06
"""1713,4758,4810""",生活休闲,图书,C06,C06
"""1713,4758,4800""",家居,图书,C06,C06
"""1713,4758,4816""",新闻/人物,图书,C06,C06
"""1713,4758,4802""",科普,图书,C06,C06
"""1713,4758,4801""",财经管理,图书,C06,C06
"""1713,4758,4812""",数码/计算机,图书,C06,C06
"""1713,4758,4805""",男士,图书,C06,C06
"""1713,4758,4814""",外语,图书,C06,C06
"""1713,4758,6644""",健康美食,图书,C06,C06
"""1713,4758,4804""",母婴育儿,图书,C06,C06
"""1713,4758,4807""",汽车,图书,C06,C06
"""1713,4758,6649""",历史,图书,C06,C06
"""1713,4758,6648""",影视动漫,图书,C06,C06
"""1713,4758,4813""",体育运动,图书,C06,C06
"""1713,4758,6645""",行业刊物,图书,C06,C06
"""1713,4758,6646""",社会万象,图书,C06,C06
"""1713,4758,6647""",政治法律,图书,C06,C06
"""1315,1346,12022""",男士丝巾/围巾,服饰内衣,C07,C07
"""1315,1346,12023""",鸭舌帽,服饰内衣,C07,C07
"""1315,1346,12024""",贝雷帽,服饰内衣,C07,C07
"""1315,1346,9792""",棒球帽,服饰内衣,C07,C07
"""1315,1346,12019""",防辐射眼镜,服饰内衣,C07,C07
"""1315,1346,9789""",光学镜架/镜片,服饰内衣,C07,C07
"""1315,1346,9790""",太阳镜,服饰内衣,C07,C07
"""1315,1346,12029""",男士腰带/礼盒,服饰内衣,C07,C07
"""1315,1346,12021""",女士丝巾/围巾/披肩,服饰内衣,C07,C07
"""1315,1345,9753""",泳衣,服饰内衣,C07,C07
"""1315,1345,9749""",美腿袜,服饰内衣,C07,C07
"""1315,1345,9747""",塑身美体,服饰内衣,C07,C07
"""1315,1345,12012""",内衣配件,服饰内衣,C07,C07
"""1315,1345,9751""",抹胸,服饰内衣,C07,C07
"""1315,1345,12009""",少女文胸,服饰内衣,C07,C07
"""1315,1345,12006""",情侣睡衣,服饰内衣,C07,C07
"""1315,1345,12008""",文胸套装,服饰内衣,C07,C07
"""1315,1345,9748""",连裤袜/丝袜,服饰内衣,C07,C07
"""1315,1345,12013""",打底裤袜,服饰内衣,C07,C07
"""1315,1345,1364""",文胸,服饰内衣,C07,C07
"""1315,1345,1371""",睡衣/家居服,服饰内衣,C07,C07
"""1315,1345,12014""",打底衫,服饰内衣,C07,C07
"""1315,1345,12011""",大码内衣,服饰内衣,C07,C07
"""1315,1345,1365""",吊带/背心,服饰内衣,C07,C07
"""1315,1345,9745""",商务男袜,服饰内衣,C07,C07
"""1315,1345,12010""",休闲棉袜,服饰内衣,C07,C07
"""1315,1345,9743""",女式内裤,服饰内衣,C07,C07
"""1315,1345,9744""",男式内裤,服饰内衣,C07,C07
"""1315,1345,12015""",秋衣秋裤,服饰内衣,C07,C07
"""1315,1345,1369""",保暖内衣,服饰内衣,C07,C07
"""1315,1342,9741""",唐装/中山装,服饰内衣,C07,C07
"""1315,1342,9742""",工装,服饰内衣,C07,C07
"""1315,1342,12005""",设计师/潮牌,服饰内衣,C07,C07
"""1315,1342,9726""",羊绒衫,服饰内衣,C07,C07
"""1315,1342,9739""",大码男装,服饰内衣,C07,C07
"""1315,1342,9740""",中老年男装,服饰内衣,C07,C07
"""1315,1342,12004""",短裤,服饰内衣,C07,C07
"""1315,1342,9733""",POLO衫,服饰内衣,C07,C07
"""1315,1342,12003""",卫裤/运动裤,服饰内衣,C07,C07
"""1315,1342,9737""",西裤,服饰内衣,C07,C07
"""1315,1342,9731""",西服,服饰内衣,C07,C07
"""1315,1342,9725""",仿皮皮衣,服饰内衣,C07,C07
"""1315,1342,9728""",风衣,服饰内衣,C07,C07
"""1315,1342,9729""",毛呢大衣,服饰内衣,C07,C07
"""1315,1342,1348""",衬衫,服饰内衣,C07,C07
"""1315,1342,9736""",休闲裤,服饰内衣,C07,C07
"""1315,1342,9735""",牛仔裤,服饰内衣,C07,C07
"""1315,1342,9738""",西服套装,服饰内衣,C07,C07
"""1315,1342,9734""",马甲/背心,服饰内衣,C07,C07
"""1315,1342,9732""",卫衣,服饰内衣,C07,C07
"""1315,1342,12001""",真皮皮衣,服饰内衣,C07,C07
"""1315,1342,12002""",加绒裤,服饰内衣,C07,C07
"""1315,1342,12089""",羊毛衫,服饰内衣,C07,C07
"""1315,1342,9730""",夹克,服饰内衣,C07,C07
"""1315,1342,1350""",针织衫,服饰内衣,C07,C07
"""1315,1343,11991""",短裤,服饰内衣,C07,C07
"""1315,1343,11988""",吊带/背心,服饰内衣,C07,C07
"""1315,1343,9713""",雪纺衫,服饰内衣,C07,C07
"""1315,1343,11986""",旗袍/唐装,服饰内衣,C07,C07
"""1315,1343,11996""",礼服,服饰内衣,C07,C07
"""1315,1343,9723""",婚纱,服饰内衣,C07,C07
"""1315,1343,11987""",加绒裤,服饰内衣,C07,C07
"""1315,1343,9718""",正装裤,服饰内衣,C07,C07
"""1315,1343,9714""",马甲,服饰内衣,C07,C07
"""1315,1343,11998""",仿皮皮衣,服饰内衣,C07,C07
"""1315,1343,9720""",半身裙,服饰内衣,C07,C07
"""1315,1343,9721""",中老年女装,服饰内衣,C07,C07
"""1315,1343,9722""",大码女装,服饰内衣,C07,C07
"""1315,1343,9717""",休闲裤,服饰内衣,C07,C07
"""1315,1343,9711""",小西装,服饰内衣,C07,C07
"""1315,1343,9707""",真皮皮衣,服饰内衣,C07,C07
"""1315,1343,11989""",羊绒衫,服饰内衣,C07,C07
"""1315,1343,11999""",羊毛衫,服饰内衣,C07,C07
"""1315,1343,11993""",皮草,服饰内衣,C07,C07
"""1315,1343,9716""",打底裤,服饰内衣,C07,C07
"""1315,1343,11985""",打底衫,服饰内衣,C07,C07
"""1315,1343,9712""",短外套,服饰内衣,C07,C07
"""1315,1343,1354""",衬衫,服饰内衣,C07,C07
"""1315,1343,9708""",风衣,服饰内衣,C07,C07
"""1315,1343,9715""",牛仔裤,服饰内衣,C07,C07
"""1315,1343,9710""",卫衣,服饰内衣,C07,C07
"""1315,1343,1356""",针织衫,服饰内衣,C07,C07
"""1315,1343,9719""",连衣裙,服饰内衣,C07,C07
"""1315,1343,9706""",毛呢大衣,服饰内衣,C07,C07
"""1315,1346,12026""",真皮手套,服饰内衣,C07,C07
"""1315,1346,12027""",毛线手套,服饰内衣,C07,C07
"""1315,1346,1376""",围巾/手套/帽子套装,服饰内衣,C07,C07
"""1315,1346,12017""",老花镜,服饰内衣,C07,C07
"""1315,1346,12025""",礼帽,服饰内衣,C07,C07
"""1315,1346,9794""",遮阳帽,服饰内衣,C07,C07
"""1315,1346,12020""",游泳镜,服饰内衣,C07,C07
"""1315,1346,9793""",毛线帽,服饰内衣,C07,C07
"""1315,1346,12030""",女士腰带/礼盒,服饰内衣,C07,C07
"""1315,1346,12034""",遮阳伞/雨伞,服饰内衣,C07,C07
"""1315,1346,12038""",毛线/布面料,服饰内衣,C07,C07
"""1315,1346,12039""",领带/领结/领带夹,服饰内衣,C07,C07
"""1315,1346,12036""",耳罩/耳包,服饰内衣,C07,C07
"""1315,1346,1378""",袖扣,服饰内衣,C07,C07
"""1315,1346,12033""",钥匙扣,服饰内衣,C07,C07
"""4938,12420,12423""",会议周边,本地生活/旅游出行,C08,C08
